dictionary,scenario_id,run_type,s1,s2,status,timed_out,selected_attempt,success,collision_free,goal_reached,final_goal_error,path_length,num_states,runtime_sec,selected_runtime_sec,wall_runtime_sec,s1_attempted,s1_success,s1_collision_free,s1_goal_reached,s1_confidence,s1_runtime_sec,s1_final_goal_error,s1_path_length,s1_num_states,s2_attempted,s2_success,s2_collision_free,s2_goal_reached,s2_confidence,s2_runtime_sec,s2_final_goal_error,s2_path_length,s2_num_states,error_message
benchmark_dualmp_nl_dense_clutter_eval_dense_clutter.json,0,s2,neural,cbf,ok,False,s2_cbf,True,True,True,0.49874130560059193,6.616948579326378,97,0.18459391593933105,0.17754602432250977,0.7488746250019176,False,,,,,,,,,True,True,True,True,1.0,0.17754602432250977,0.49874130560059193,6.616948579326378,97,
benchmark_dualmp_nl_dense_clutter_eval_dense_clutter.json,1,s2,neural,cbf,ok,False,s2_cbf,True,True,True,0.4754211831266907,6.75451135921338,79,0.20632505416870117,0.19951295852661133,0.6867282079911092,False,,,,,,,,,True,True,True,True,1.0,0.19951295852661133,0.4754211831266907,6.75451135921338,79,
benchmark_dualmp_nl_dense_clutter_eval_dense_clutter.json,2,s2,neural,cbf,ok,False,s2_cbf,True,True,True,0.48994810321357235,6.626418644229526,112,0.20830798149108887,0.20133090019226074,0.719781541993143,False,,,,,,,,,True,True,True,True,1.0,0.20133090019226074,0.48994810321357235,6.626418644229526,112,
benchmark_dualmp_nl_dense_clutter_eval_dense_clutter.json,3,s2,neural,cbf,ok,False,s2_cbf,True,True,True,0.4741776922282874,7.064835634116559,148,0.2993199825286865,0.292435884475708,0.8165083339990815,False,,,,,,,,,True,True,True,True,1.0,0.292435884475708,0.4741776922282874,7.064835634116559,148,
benchmark_dualmp_nl_dense_clutter_eval_dense_clutter.json,4,s2,neural,cbf,ok,False,s2_cbf,True,True,True,0.4504905710500226,6.670378339402799,84,0.1768050193786621,0.16988873481750488,0.6778158329980215,False,,,,,,,,,True,True,True,True,1.0,0.16988873481750488,0.4504905710500226,6.670378339402799,84,
benchmark_dualmp_nl_dense_clutter_eval_dense_clutter.json,5,s2,neural,cbf,ok,False,s2_cbf,True,True,True,0.4429399132539309,6.688741381794634,92,0.19927406311035156,0.19167304039001465,0.7596265419997508,False,,,,,,,,,True,True,True,True,1.0,0.19167304039001465,0.4429399132539309,6.688741381794634,92,
benchmark_dualmp_nl_dense_clutter_eval_dense_clutter.json,6,s2,neural,cbf,ok,False,s2_cbf,True,True,True,0.4577360280422975,6.769142154662857,80,0.14073681831359863,0.13317394256591797,0.7942845420038793,False,,,,,,,,,True,True,True,True,1.0,0.13317394256591797,0.4577360280422975,6.769142154662857,80,
benchmark_dualmp_nl_dense_clutter_eval_dense_clutter.json,7,s2,neural,cbf,ok,False,s2_cbf,True,True,True,0.49511536404113915,6.934375339511679,100,0.1929159164428711,0.18519186973571777,0.8867489580006804,False,,,,,,,,,True,True,True,True,1.0,0.18519186973571777,0.49511536404113915,6.934375339511679,100,
benchmark_dualmp_nl_dense_clutter_eval_dense_clutter.json,8,s2,neural,cbf,ok,False,s2_cbf,True,True,True,0.49252068615198846,6.708226410978686,116,0.23405194282531738,0.22663402557373047,0.8217705829883926,False,,,,,,,,,True,True,True,True,1.0,0.22663402557373047,0.49252068615198846,6.708226410978686,116,
benchmark_dualmp_nl_dense_clutter_eval_dense_clutter.json,9,s2,neural,cbf,ok,False,s2_cbf,True,True,True,0.4369636442240297,6.870464537450434,79,0.21993303298950195,0.2130138874053955,0.7558884999889415,False,,,,,,,,,True,True,True,True,1.0,0.2130138874053955,0.4369636442240297,6.870464537450434,79,
benchmark_dualmp_nl_dense_clutter_eval_dense_clutter.json,10,s2,neural,cbf,ok,False,s2_cbf,False,False,True,0.46471893515344637,6.6763481168791525,85,0.1983480453491211,0.191636323928833,0.6787721250002505,False,,,,,,,,,True,False,False,True,1.0,0.191636323928833,0.46471893515344637,6.6763481168791525,85,
benchmark_dualmp_nl_dense_clutter_eval_dense_clutter.json,11,s2,neural,cbf,ok,False,s2_cbf,True,True,True,0.482755705759339,6.91392186407661,177,0.28348708152770996,0.27644801139831543,0.7733634579926729,False,,,,,,,,,True,True,True,True,1.0,0.27644801139831543,0.482755705759339,6.91392186407661,177,
benchmark_dualmp_nl_dense_clutter_eval_dense_clutter.json,12,s2,neural,cbf,ok,False,s2_cbf,True,True,True,0.4422205492676569,6.678037929138728,86,0.17995214462280273,0.17310786247253418,0.6673881659953622,False,,,,,,,,,True,True,True,True,1.0,0.17310786247253418,0.4422205492676569,6.678037929138728,86,
benchmark_dualmp_nl_dense_clutter_eval_dense_clutter.json,13,s2,neural,cbf,ok,False,s2_cbf,True,True,True,0.4558508977173109,6.78237974128917,78,0.16774296760559082,0.16080617904663086,0.6540021659893682,False,,,,,,,,,True,True,True,True,1.0,0.16080617904663086,0.4558508977173109,6.78237974128917,78,
benchmark_dualmp_nl_dense_clutter_eval_dense_clutter.json,14,s2,neural,cbf,ok,False,s2_cbf,True,True,True,0.4604173336289039,6.90578296844345,80,0.17158794403076172,0.16456294059753418,0.6644118340045679,False,,,,,,,,,True,True,True,True,1.0,0.16456294059753418,0.4604173336289039,6.90578296844345,80,
benchmark_dualmp_nl_dense_clutter_eval_dense_clutter.json,15,s2,neural,cbf,ok,False,s2_cbf,True,True,True,0.4235337081813123,6.78508794563192,73,0.17330503463745117,0.16641688346862793,0.6363114580017282,False,,,,,,,,,True,True,True,True,1.0,0.16641688346862793,0.4235337081813123,6.78508794563192,73,
benchmark_dualmp_nl_dense_clutter_eval_dense_clutter.json,16,s2,neural,cbf,ok,False,s2_cbf,True,True,True,0.4956051474865277,6.767613321512604,138,0.24866890907287598,0.24180102348327637,0.7265321669983678,False,,,,,,,,,True,True,True,True,1.0,0.24180102348327637,0.4956051474865277,6.767613321512604,138,
benchmark_dualmp_nl_dense_clutter_eval_dense_clutter.json,17,s2,neural,cbf,ok,False,s2_cbf,True,True,True,0.4680742025203287,6.832217957112292,90,0.20538878440856934,0.19854307174682617,0.7165507080062525,False,,,,,,,,,True,True,True,True,1.0,0.19854307174682617,0.4680742025203287,6.832217957112292,90,
benchmark_dualmp_nl_dense_clutter_eval_dense_clutter.json,18,s2,neural,cbf,ok,False,s2_cbf,True,True,True,0.4750474763353074,7.145417951827575,110,0.23677587509155273,0.22992205619812012,0.7034472500090487,False,,,,,,,,,True,True,True,True,1.0,0.22992205619812012,0.4750474763353074,7.145417951827575,110,
benchmark_dualmp_nl_dense_clutter_eval_dense_clutter.json,19,s2,neural,cbf,ok,False,s2_cbf,False,False,True,0.48854975520856164,6.673115972253208,87,0.1905221939086914,0.1835770606994629,0.6773769589926815,False,,,,,,,,,True,False,False,True,1.0,0.1835770606994629,0.48854975520856164,6.673115972253208,87,
benchmark_dualmp_nl_dense_clutter_eval_dense_clutter.json,20,s2,neural,cbf,ok,False,s2_cbf,True,True,True,0.4453066357992653,6.9456489810440525,95,0.1736435890197754,0.1667020320892334,0.689718959009042,False,,,,,,,,,True,True,True,True,1.0,0.1667020320892334,0.4453066357992653,6.9456489810440525,95,
benchmark_dualmp_nl_dense_clutter_eval_dense_clutter.json,21,s2,neural,cbf,ok,False,s2_cbf,True,True,True,0.4500078820468917,7.0503414687973445,86,0.2014448642730713,0.19469094276428223,0.6975312499998836,False,,,,,,,,,True,True,True,True,1.0,0.19469094276428223,0.4500078820468917,7.0503414687973445,86,
benchmark_dualmp_nl_dense_clutter_eval_dense_clutter.json,22,s2,neural,cbf,ok,False,s2_cbf,True,True,True,0.4975900586480393,6.740342330284932,128,0.20119571685791016,0.1943979263305664,0.6503727079980308,False,,,,,,,,,True,True,True,True,1.0,0.1943979263305664,0.4975900586480393,6.740342330284932,128,
benchmark_dualmp_nl_dense_clutter_eval_dense_clutter.json,23,s2,neural,cbf,ok,False,s2_cbf,True,True,True,0.4448553939074167,6.897788408531699,74,0.17441201210021973,0.1676018238067627,0.644072374998359,False,,,,,,,,,True,True,True,True,1.0,0.1676018238067627,0.4448553939074167,6.897788408531699,74,
benchmark_dualmp_nl_dense_clutter_eval_dense_clutter.json,24,s2,neural,cbf,ok,False,s2_cbf,True,True,True,0.48802793352063506,7.0317443143418625,97,0.22471380233764648,0.21767282485961914,0.6904094999918016,False,,,,,,,,,True,True,True,True,1.0,0.21767282485961914,0.48802793352063506,7.0317443143418625,97,
benchmark_dualmp_nl_dense_clutter_eval_dense_clutter.json,25,s2,neural,cbf,ok,False,s2_cbf,False,False,True,0.48702790707433474,6.684319489423887,114,0.24019789695739746,0.23314523696899414,0.7332888749951962,False,,,,,,,,,True,False,False,True,1.0,0.23314523696899414,0.48702790707433474,6.684319489423887,114,
benchmark_dualmp_nl_dense_clutter_eval_dense_clutter.json,26,s2,neural,cbf,ok,False,s2_cbf,False,False,True,0.47760523452334164,6.724613134155453,76,0.17827987670898438,0.17136287689208984,0.6734911670064321,False,,,,,,,,,True,False,False,True,1.0,0.17136287689208984,0.47760523452334164,6.724613134155453,76,
benchmark_dualmp_nl_dense_clutter_eval_dense_clutter.json,27,s2,neural,cbf,ok,False,s2_cbf,False,False,True,0.4948501797059039,6.739250385291812,86,0.1702258586883545,0.16334104537963867,0.6504490000079386,False,,,,,,,,,True,False,False,True,1.0,0.16334104537963867,0.4948501797059039,6.739250385291812,86,
benchmark_dualmp_nl_dense_clutter_eval_dense_clutter.json,28,s2,neural,cbf,ok,False,s2_cbf,True,True,True,0.4927731561538735,6.623998867312645,133,0.23717904090881348,0.23019909858703613,0.7264450419897912,False,,,,,,,,,True,True,True,True,1.0,0.23019909858703613,0.4927731561538735,6.623998867312645,133,
benchmark_dualmp_nl_dense_clutter_eval_dense_clutter.json,29,s2,neural,cbf,ok,False,s2_cbf,True,True,True,0.47970683925150054,6.877914557681732,90,0.19842195510864258,0.19164276123046875,0.6603354169928934,False,,,,,,,,,True,True,True,True,1.0,0.19164276123046875,0.47970683925150054,6.877914557681732,90,
benchmark_dualmp_nl_dense_clutter_eval_dense_clutter.json,30,s2,neural,cbf,ok,False,s2_cbf,True,True,True,0.4932109557791576,6.869115846491824,78,0.17960071563720703,0.17265725135803223,0.6537747499969555,False,,,,,,,,,True,True,True,True,1.0,0.17265725135803223,0.4932109557791576,6.869115846491824,78,
benchmark_dualmp_nl_dense_clutter_eval_dense_clutter.json,31,s2,neural,cbf,ok,False,s2_cbf,True,True,True,0.4892828375090822,6.686177660855239,84,0.18571805953979492,0.17891597747802734,0.6621643329999642,False,,,,,,,,,True,True,True,True,1.0,0.17891597747802734,0.4892828375090822,6.686177660855239,84,
benchmark_dualmp_nl_dense_clutter_eval_dense_clutter.json,32,s2,neural,cbf,ok,False,s2_cbf,True,True,True,0.47289375176554654,6.819862314486903,127,0.26364707946777344,0.2566506862640381,0.7532776669977466,False,,,,,,,,,True,True,True,True,1.0,0.2566506862640381,0.47289375176554654,6.819862314486903,127,
benchmark_dualmp_nl_dense_clutter_eval_dense_clutter.json,33,s2,neural,cbf,ok,False,s2_cbf,True,True,True,0.48051804949052995,6.667796536905294,78,0.17510604858398438,0.16826581954956055,0.6675934170052642,False,,,,,,,,,True,True,True,True,1.0,0.16826581954956055,0.48051804949052995,6.667796536905294,78,
benchmark_dualmp_nl_dense_clutter_eval_dense_clutter.json,34,s2,neural,cbf,ok,False,s2_cbf,True,True,True,0.4870164543329415,6.825671062761839,76,0.15835309028625488,0.1516108512878418,0.6388977500027977,False,,,,,,,,,True,True,True,True,1.0,0.1516108512878418,0.4870164543329415,6.825671062761839,76,
benchmark_dualmp_nl_dense_clutter_eval_dense_clutter.json,35,s2,neural,cbf,ok,False,s2_cbf,True,True,True,0.49068735291147464,6.7748963965369,72,0.16034793853759766,0.15343427658081055,0.6199005000089528,False,,,,,,,,,True,True,True,True,1.0,0.15343427658081055,0.49068735291147464,6.7748963965369,72,
benchmark_dualmp_nl_dense_clutter_eval_dense_clutter.json,36,s2,neural,cbf,ok,False,s2_cbf,True,True,True,0.48021895588494545,7.005728595808769,113,0.20706987380981445,0.20025992393493652,0.6981149579951307,False,,,,,,,,,True,True,True,True,1.0,0.20025992393493652,0.48021895588494545,7.005728595808769,113,
benchmark_dualmp_nl_dense_clutter_eval_dense_clutter.json,37,s2,neural,cbf,ok,False,s2_cbf,True,True,True,0.46132340409765704,7.100655701275896,87,0.21203017234802246,0.20532727241516113,0.6935582080041058,False,,,,,,,,,True,True,True,True,1.0,0.20532727241516113,0.46132340409765704,7.100655701275896,87,
benchmark_dualmp_nl_dense_clutter_eval_dense_clutter.json,38,s2,neural,cbf,ok,False,s2_cbf,True,True,True,0.48563238140776516,6.937315017788426,111,0.2184429168701172,0.2116532325744629,0.6812191250064643,False,,,,,,,,,True,True,True,True,1.0,0.2116532325744629,0.48563238140776516,6.937315017788426,111,
benchmark_dualmp_nl_dense_clutter_eval_dense_clutter.json,39,s2,neural,cbf,ok,False,s2_cbf,True,True,True,0.4801104892698094,6.710317003872804,75,0.17727422714233398,0.17044305801391602,0.6630294579954352,False,,,,,,,,,True,True,True,True,1.0,0.17044305801391602,0.4801104892698094,6.710317003872804,75,
benchmark_dualmp_nl_dense_clutter_eval_dense_clutter.json,40,s2,neural,cbf,ok,False,s2_cbf,True,True,True,0.4411623291920657,6.7662954070399515,73,0.15596318244934082,0.1491227149963379,0.6633389170019655,False,,,,,,,,,True,True,True,True,1.0,0.1491227149963379,0.4411623291920657,6.7662954070399515,73,
benchmark_dualmp_nl_dense_clutter_eval_dense_clutter.json,41,s2,neural,cbf,ok,False,s2_cbf,False,False,True,0.4849259305950027,6.893804383763923,142,0.24796414375305176,0.24114513397216797,0.7345406250096858,False,,,,,,,,,True,False,False,True,1.0,0.24114513397216797,0.4849259305950027,6.893804383763923,142,
benchmark_dualmp_nl_dense_clutter_eval_dense_clutter.json,42,s2,neural,cbf,ok,False,s2_cbf,True,True,True,0.4619372593653354,7.004284623237225,117,0.22697091102600098,0.22017502784729004,0.700414125007228,False,,,,,,,,,True,True,True,True,1.0,0.22017502784729004,0.4619372593653354,7.004284623237225,117,
benchmark_dualmp_nl_dense_clutter_eval_dense_clutter.json,43,s2,neural,cbf,ok,False,s2_cbf,False,False,True,0.482332351846107,6.696895438400251,96,0.24006080627441406,0.2333083152770996,0.7410993329976918,False,,,,,,,,,True,False,False,True,1.0,0.2333083152770996,0.482332351846107,6.696895438400251,96,
benchmark_dualmp_nl_dense_clutter_eval_dense_clutter.json,44,s2,neural,cbf,ok,False,s2_cbf,True,True,True,0.4852571049167428,6.72453513219516,103,0.22567081451416016,0.21889305114746094,0.7248711249994813,False,,,,,,,,,True,True,True,True,1.0,0.21889305114746094,0.4852571049167428,6.72453513219516,103,
benchmark_dualmp_nl_dense_clutter_eval_dense_clutter.json,45,s2,neural,cbf,ok,False,s2_cbf,True,True,True,0.44697492133706823,6.936331082261064,83,0.17226815223693848,0.16548776626586914,0.6399197080027079,False,,,,,,,,,True,True,True,True,1.0,0.16548776626586914,0.44697492133706823,6.936331082261064,83,
benchmark_dualmp_nl_dense_clutter_eval_dense_clutter.json,46,s2,neural,cbf,ok,False,s2_cbf,True,True,True,0.47660541533548156,6.731386433975125,131,0.24207592010498047,0.2353041172027588,0.7478671249991748,False,,,,,,,,,True,True,True,True,1.0,0.2353041172027588,0.47660541533548156,6.731386433975125,131,
benchmark_dualmp_nl_dense_clutter_eval_dense_clutter.json,47,s2,neural,cbf,ok,False,s2_cbf,False,False,True,0.499758492720965,6.647107557993332,83,0.19603705406188965,0.18930888175964355,0.7150956249970477,False,,,,,,,,,True,False,False,True,1.0,0.18930888175964355,0.499758492720965,6.647107557993332,83,
benchmark_dualmp_nl_dense_clutter_eval_dense_clutter.json,48,s2,neural,cbf,ok,False,s2_cbf,False,False,True,0.4689431971369082,6.839585876245126,74,0.2018260955810547,0.1952211856842041,0.684205124998698,False,,,,,,,,,True,False,False,True,1.0,0.1952211856842041,0.4689431971369082,6.839585876245126,74,
benchmark_dualmp_nl_dense_clutter_eval_dense_clutter.json,49,s2,neural,cbf,ok,False,s2_cbf,True,True,True,0.4472040224548368,6.845295601715479,77,0.17095685005187988,0.16430425643920898,0.6617995420092484,False,,,,,,,,,True,True,True,True,1.0,0.16430425643920898,0.4472040224548368,6.845295601715479,77,
benchmark_dualmp_nl_dense_clutter_eval_dense_clutter.json,50,s2,neural,cbf,ok,False,s2_cbf,False,False,True,0.4528374958021613,6.934320636595655,90,0.18741512298583984,0.1807858943939209,0.6805197909998242,False,,,,,,,,,True,False,False,True,1.0,0.1807858943939209,0.4528374958021613,6.934320636595655,90,
benchmark_dualmp_nl_dense_clutter_eval_dense_clutter.json,51,s2,neural,cbf,ok,False,s2_cbf,True,True,True,0.4761691846543801,6.7438992346920825,104,0.19772696495056152,0.19085907936096191,0.6969472920027329,False,,,,,,,,,True,True,True,True,1.0,0.19085907936096191,0.4761691846543801,6.7438992346920825,104,
benchmark_dualmp_nl_dense_clutter_eval_dense_clutter.json,52,s2,neural,cbf,ok,False,s2_cbf,False,False,True,0.4760758363160641,6.881242074182934,91,0.20853304862976074,0.20168709754943848,0.6854245000140509,False,,,,,,,,,True,False,False,True,1.0,0.20168709754943848,0.4760758363160641,6.881242074182934,91,
benchmark_dualmp_nl_dense_clutter_eval_dense_clutter.json,53,s2,neural,cbf,ok,False,s2_cbf,True,True,True,0.48027028902962254,7.055155448085944,106,0.24069499969482422,0.23372578620910645,0.7245834159984952,False,,,,,,,,,True,True,True,True,1.0,0.23372578620910645,0.48027028902962254,7.055155448085944,106,
benchmark_dualmp_nl_dense_clutter_eval_dense_clutter.json,54,s2,neural,cbf,ok,False,s2_cbf,True,True,True,0.479450731971156,6.724729159898358,116,0.2080690860748291,0.2010807991027832,0.684405665990198,False,,,,,,,,,True,True,True,True,1.0,0.2010807991027832,0.479450731971156,6.724729159898358,116,
benchmark_dualmp_nl_dense_clutter_eval_dense_clutter.json,55,s2,neural,cbf,ok,False,s2_cbf,True,True,True,0.45923709725853973,6.967874325256981,87,0.21301484107971191,0.20624899864196777,0.7329794580000453,False,,,,,,,,,True,True,True,True,1.0,0.20624899864196777,0.45923709725853973,6.967874325256981,87,
benchmark_dualmp_nl_dense_clutter_eval_dense_clutter.json,56,s2,neural,cbf,ok,False,s2_cbf,True,True,True,0.47802935887586573,6.684803620206206,91,0.1916511058807373,0.18473386764526367,0.6771159589989111,False,,,,,,,,,True,True,True,True,1.0,0.18473386764526367,0.47802935887586573,6.684803620206206,91,
benchmark_dualmp_nl_dense_clutter_eval_dense_clutter.json,57,s2,neural,cbf,ok,False,s2_cbf,True,True,True,0.4514034691475673,6.886795867224042,77,0.19173002243041992,0.18481016159057617,0.6783024999895133,False,,,,,,,,,True,True,True,True,1.0,0.18481016159057617,0.4514034691475673,6.886795867224042,77,
benchmark_dualmp_nl_dense_clutter_eval_dense_clutter.json,58,s2,neural,cbf,ok,False,s2_cbf,True,True,True,0.45740924997191423,6.879970561567054,81,0.18057012557983398,0.17375898361206055,0.6867189999902621,False,,,,,,,,,True,True,True,True,1.0,0.17375898361206055,0.45740924997191423,6.879970561567054,81,
benchmark_dualmp_nl_dense_clutter_eval_dense_clutter.json,59,s2,neural,cbf,ok,False,s2_cbf,True,True,True,0.48512060985828026,6.941596797587844,75,0.18761706352233887,0.18082475662231445,0.6870205839950358,False,,,,,,,,,True,True,True,True,1.0,0.18082475662231445,0.48512060985828026,6.941596797587844,75,
benchmark_dualmp_nl_dense_clutter_eval_dense_clutter.json,60,s2,neural,cbf,ok,False,s2_cbf,False,False,True,0.49308938381158385,6.623043998607355,87,0.1650090217590332,0.15798592567443848,0.6176792080077576,False,,,,,,,,,True,False,False,True,1.0,0.15798592567443848,0.49308938381158385,6.623043998607355,87,
benchmark_dualmp_nl_dense_clutter_eval_dense_clutter.json,61,s2,neural,cbf,ok,False,s2_cbf,False,False,True,0.4823351403153506,6.726149753395511,80,0.1587510108947754,0.14582085609436035,0.6394612080039224,False,,,,,,,,,True,False,False,True,1.0,0.14582085609436035,0.4823351403153506,6.726149753395511,80,
benchmark_dualmp_nl_dense_clutter_eval_dense_clutter.json,62,s2,neural,cbf,ok,False,s2_cbf,True,True,True,0.47637085277153757,6.8678100579044,103,0.24059104919433594,0.23364472389221191,0.7359263749967795,False,,,,,,,,,True,True,True,True,1.0,0.23364472389221191,0.47637085277153757,6.8678100579044,103,
benchmark_dualmp_nl_dense_clutter_eval_dense_clutter.json,63,s2,neural,cbf,ok,False,s2_cbf,True,True,True,0.45078812021646103,6.684823415066707,75,0.17068099975585938,0.164031982421875,0.6675440829858417,False,,,,,,,,,True,True,True,True,1.0,0.164031982421875,0.45078812021646103,6.684823415066707,75,
benchmark_dualmp_nl_dense_clutter_eval_dense_clutter.json,64,s2,neural,cbf,ok,False,s2_cbf,True,True,True,0.49409278656923117,6.745294765418726,76,0.17457795143127441,0.16769099235534668,0.6591388329979964,False,,,,,,,,,True,True,True,True,1.0,0.16769099235534668,0.49409278656923117,6.745294765418726,76,
benchmark_dualmp_nl_dense_clutter_eval_dense_clutter.json,65,s2,neural,cbf,ok,False,s2_cbf,False,False,True,0.4572765013590556,6.856513499121875,125,0.27469515800476074,0.26796388626098633,0.72752354099066,False,,,,,,,,,True,False,False,True,1.0,0.26796388626098633,0.4572765013590556,6.856513499121875,125,
benchmark_dualmp_nl_dense_clutter_eval_dense_clutter.json,66,s2,neural,cbf,ok,False,s2_cbf,True,True,True,0.4487141281699739,6.9200442473810115,74,0.17211580276489258,0.16535401344299316,0.6526310420013033,False,,,,,,,,,True,True,True,True,1.0,0.16535401344299316,0.4487141281699739,6.9200442473810115,74,
benchmark_dualmp_nl_dense_clutter_eval_dense_clutter.json,67,s2,neural,cbf,ok,False,s2_cbf,True,True,True,0.4815781000100869,6.650877848503248,91,0.25716090202331543,0.24944806098937988,0.7998193329985952,False,,,,,,,,,True,True,True,True,1.0,0.24944806098937988,0.4815781000100869,6.650877848503248,91,
benchmark_dualmp_nl_dense_clutter_eval_dense_clutter.json,68,s2,neural,cbf,ok,False,s2_cbf,True,True,True,0.48011410860835857,6.770737509974738,73,0.16964983940124512,0.16252398490905762,0.7081554579926888,False,,,,,,,,,True,True,True,True,1.0,0.16252398490905762,0.48011410860835857,6.770737509974738,73,
benchmark_dualmp_nl_dense_clutter_eval_dense_clutter.json,69,s2,neural,cbf,ok,False,s2_cbf,False,False,True,0.47082556481603355,6.750386044461374,78,0.17630910873413086,0.16958403587341309,0.8425900000002002,False,,,,,,,,,True,False,False,True,1.0,0.16958403587341309,0.47082556481603355,6.750386044461374,78,
benchmark_dualmp_nl_dense_clutter_eval_dense_clutter.json,70,s2,neural,cbf,ok,False,s2_cbf,True,True,True,0.45289448467807286,6.784192840774717,76,0.21388506889343262,0.20692181587219238,0.733839958003955,False,,,,,,,,,True,True,True,True,1.0,0.20692181587219238,0.45289448467807286,6.784192840774717,76,
benchmark_dualmp_nl_dense_clutter_eval_dense_clutter.json,71,s2,neural,cbf,ok,False,s2_cbf,True,True,True,0.4451232606071827,6.717263187714936,80,0.20266509056091309,0.19559574127197266,0.6896562080073636,False,,,,,,,,,True,True,True,True,1.0,0.19559574127197266,0.4451232606071827,6.717263187714936,80,
benchmark_dualmp_nl_dense_clutter_eval_dense_clutter.json,72,s2,neural,cbf,ok,False,s2_cbf,True,True,True,0.49534405332255516,6.650247447655012,97,0.17860794067382812,0.17187714576721191,0.668583500009845,False,,,,,,,,,True,True,True,True,1.0,0.17187714576721191,0.49534405332255516,6.650247447655012,97,
benchmark_dualmp_nl_dense_clutter_eval_dense_clutter.json,73,s2,neural,cbf,ok,False,s2_cbf,False,False,True,0.4775152483963748,6.652503744448189,86,0.18212509155273438,0.17507576942443848,0.7148941250052303,False,,,,,,,,,True,False,False,True,1.0,0.17507576942443848,0.4775152483963748,6.652503744448189,86,
benchmark_dualmp_nl_dense_clutter_eval_dense_clutter.json,74,s2,neural,cbf,ok,False,s2_cbf,True,True,True,0.45522546236890044,6.737066869119379,78,0.15244817733764648,0.14562726020812988,0.6878303340054117,False,,,,,,,,,True,True,True,True,1.0,0.14562726020812988,0.45522546236890044,6.737066869119379,78,
benchmark_dualmp_nl_dense_clutter_eval_dense_clutter.json,75,s2,neural,cbf,ok,False,s2_cbf,True,True,True,0.45135890402886614,6.814371425830386,73,0.1832890510559082,0.17649102210998535,0.6679502090119058,False,,,,,,,,,True,True,True,True,1.0,0.17649102210998535,0.45135890402886614,6.814371425830386,73,
benchmark_dualmp_nl_dense_clutter_eval_dense_clutter.json,76,s2,neural,cbf,ok,False,s2_cbf,False,False,True,0.4619699194626334,7.092087394005053,96,0.20603537559509277,0.19927000999450684,0.6972489159961697,False,,,,,,,,,True,False,False,True,1.0,0.19927000999450684,0.4619699194626334,7.092087394005053,96,
benchmark_dualmp_nl_dense_clutter_eval_dense_clutter.json,77,s2,neural,cbf,ok,False,s2_cbf,True,True,True,0.4926203467758749,6.782928006541669,105,0.20437312126159668,0.19741368293762207,0.6919204999867361,False,,,,,,,,,True,True,True,True,1.0,0.19741368293762207,0.4926203467758749,6.782928006541669,105,
benchmark_dualmp_nl_dense_clutter_eval_dense_clutter.json,78,s2,neural,cbf,ok,False,s2_cbf,True,True,True,0.4605625742442786,6.792615121858571,76,0.16724872589111328,0.1601090431213379,0.6704822090105154,False,,,,,,,,,True,True,True,True,1.0,0.1601090431213379,0.4605625742442786,6.792615121858571,76,
benchmark_dualmp_nl_dense_clutter_eval_dense_clutter.json,79,s2,neural,cbf,ok,False,s2_cbf,True,True,True,0.4855276906951923,6.875770029635911,76,0.1528759002685547,0.14609885215759277,0.7189964169956511,False,,,,,,,,,True,True,True,True,1.0,0.14609885215759277,0.4855276906951923,6.875770029635911,76,
benchmark_dualmp_nl_dense_clutter_eval_dense_clutter.json,80,s2,neural,cbf,ok,False,s2_cbf,True,True,True,0.47924498220576783,6.987378622619404,99,0.24283790588378906,0.23571300506591797,0.7078109169960953,False,,,,,,,,,True,True,True,True,1.0,0.23571300506591797,0.47924498220576783,6.987378622619404,99,
benchmark_dualmp_nl_dense_clutter_eval_dense_clutter.json,81,s2,neural,cbf,ok,False,s2_cbf,False,False,True,0.498272374352638,6.96942168733657,96,0.16768503189086914,0.16097426414489746,0.6742075000074692,False,,,,,,,,,True,False,False,True,1.0,0.16097426414489746,0.498272374352638,6.96942168733657,96,
benchmark_dualmp_nl_dense_clutter_eval_dense_clutter.json,82,s2,neural,cbf,ok,False,s2_cbf,True,True,True,0.4525571027471724,6.785255911186038,76,0.16170501708984375,0.1546320915222168,0.6412395420047687,False,,,,,,,,,True,True,True,True,1.0,0.1546320915222168,0.4525571027471724,6.785255911186038,76,
benchmark_dualmp_nl_dense_clutter_eval_dense_clutter.json,83,s2,neural,cbf,ok,False,s2_cbf,False,False,True,0.4637301492327567,6.740400304300838,97,0.2400038242340088,0.23299717903137207,0.7341435410053236,False,,,,,,,,,True,False,False,True,1.0,0.23299717903137207,0.4637301492327567,6.740400304300838,97,
benchmark_dualmp_nl_dense_clutter_eval_dense_clutter.json,84,s2,neural,cbf,ok,False,s2_cbf,True,True,True,0.49933127233459296,7.061877809255215,101,0.21205687522888184,0.20517706871032715,0.728825207988848,False,,,,,,,,,True,True,True,True,1.0,0.20517706871032715,0.49933127233459296,7.061877809255215,101,
benchmark_dualmp_nl_dense_clutter_eval_dense_clutter.json,85,s2,neural,cbf,ok,False,s2_cbf,True,True,True,0.4890300841381226,6.708258889065372,76,0.17999505996704102,0.1698000431060791,0.7717087500059279,False,,,,,,,,,True,True,True,True,1.0,0.1698000431060791,0.4890300841381226,6.708258889065372,76,
benchmark_dualmp_nl_dense_clutter_eval_dense_clutter.json,86,s2,neural,cbf,ok,False,s2_cbf,True,True,True,0.455781310854371,6.772258435707762,85,0.2181110382080078,0.21134591102600098,0.7054135420039529,False,,,,,,,,,True,True,True,True,1.0,0.21134591102600098,0.455781310854371,6.772258435707762,85,
benchmark_dualmp_nl_dense_clutter_eval_dense_clutter.json,87,s2,neural,cbf,ok,False,s2_cbf,True,True,True,0.4715655480724794,6.7463591372902245,96,0.20734500885009766,0.20040225982666016,0.685089541002526,False,,,,,,,,,True,True,True,True,1.0,0.20040225982666016,0.4715655480724794,6.7463591372902245,96,
benchmark_dualmp_nl_dense_clutter_eval_dense_clutter.json,88,s2,neural,cbf,ok,False,s2_cbf,True,True,True,0.44983641584663153,6.669331469579446,91,0.18231701850891113,0.17548799514770508,0.6688980839971919,False,,,,,,,,,True,True,True,True,1.0,0.17548799514770508,0.44983641584663153,6.669331469579446,91,
benchmark_dualmp_nl_dense_clutter_eval_dense_clutter.json,89,s2,neural,cbf,ok,False,s2_cbf,True,True,True,0.4601728351490141,6.713153513973037,84,0.15041494369506836,0.14353728294372559,0.6835699169896543,False,,,,,,,,,True,True,True,True,1.0,0.14353728294372559,0.4601728351490141,6.713153513973037,84,
benchmark_dualmp_nl_dense_clutter_eval_dense_clutter.json,90,s2,neural,cbf,ok,False,s2_cbf,False,False,True,0.49891606885706075,7.062678635468917,115,0.20835566520690918,0.2014782428741455,0.7087142090022098,False,,,,,,,,,True,False,False,True,1.0,0.2014782428741455,0.49891606885706075,7.062678635468917,115,
benchmark_dualmp_nl_dense_clutter_eval_dense_clutter.json,91,s2,neural,cbf,ok,False,s2_cbf,True,True,True,0.4498611092155249,6.99303767116498,91,0.20864319801330566,0.20180988311767578,0.6707809590006946,False,,,,,,,,,True,True,True,True,1.0,0.20180988311767578,0.4498611092155249,6.99303767116498,91,
benchmark_dualmp_nl_dense_clutter_eval_dense_clutter.json,92,s2,neural,cbf,ok,False,s2_cbf,True,True,True,0.4898957881679094,6.8288363778774785,106,0.2405228614807129,0.23345708847045898,0.7418050000123912,False,,,,,,,,,True,True,True,True,1.0,0.23345708847045898,0.4898957881679094,6.8288363778774785,106,
benchmark_dualmp_nl_dense_clutter_eval_dense_clutter.json,93,s2,neural,cbf,ok,False,s2_cbf,True,True,True,0.48587185611688244,6.71085034887092,105,0.20914578437805176,0.20231890678405762,0.6747603749972768,False,,,,,,,,,True,True,True,True,1.0,0.20231890678405762,0.48587185611688244,6.71085034887092,105,
benchmark_dualmp_nl_dense_clutter_eval_dense_clutter.json,94,s2,neural,cbf,ok,False,s2_cbf,True,True,True,0.4922091524048267,6.733030406876298,92,0.18648386001586914,0.17973709106445312,0.6620244169898797,False,,,,,,,,,True,True,True,True,1.0,0.17973709106445312,0.4922091524048267,6.733030406876298,92,
benchmark_dualmp_nl_dense_clutter_eval_dense_clutter.json,95,s2,neural,cbf,ok,False,s2_cbf,False,False,True,0.46992651721450746,7.13721842698229,130,0.19983315467834473,0.1929783821105957,0.7178638330078684,False,,,,,,,,,True,False,False,True,1.0,0.1929783821105957,0.46992651721450746,7.13721842698229,130,
benchmark_dualmp_nl_dense_clutter_eval_dense_clutter.json,96,s2,neural,cbf,ok,False,s2_cbf,True,True,True,0.4781660783816894,6.689676812107569,77,0.18353819847106934,0.176710844039917,0.6617849169997498,False,,,,,,,,,True,True,True,True,1.0,0.176710844039917,0.4781660783816894,6.689676812107569,77,
benchmark_dualmp_nl_dense_clutter_eval_dense_clutter.json,97,s2,neural,cbf,ok,False,s2_cbf,False,False,True,0.49020581323706086,6.756966815388864,96,0.1950981616973877,0.18818092346191406,0.6951067920017522,False,,,,,,,,,True,False,False,True,1.0,0.18818092346191406,0.49020581323706086,6.756966815388864,96,
benchmark_dualmp_nl_dense_clutter_eval_dense_clutter.json,98,s2,neural,cbf,ok,False,s2_cbf,False,False,True,0.47378707448179386,6.875211904031415,114,0.23348784446716309,0.22672486305236816,0.7481684579979628,False,,,,,,,,,True,False,False,True,1.0,0.22672486305236816,0.47378707448179386,6.875211904031415,114,
benchmark_dualmp_nl_dense_clutter_eval_dense_clutter.json,99,s2,neural,cbf,ok,False,s2_cbf,True,True,True,0.49001479178478974,6.893814075689268,87,0.2015690803527832,0.19475317001342773,0.6720696660049725,False,,,,,,,,,True,True,True,True,1.0,0.19475317001342773,0.49001479178478974,6.893814075689268,87,
benchmark_dualmp_nl_dense_clutter_eval_dense_clutter.json,100,s2,neural,cbf,ok,False,s2_cbf,True,True,True,0.4832489957506012,6.916661725747619,104,0.20818805694580078,0.20145416259765625,0.7024912500055507,False,,,,,,,,,True,True,True,True,1.0,0.20145416259765625,0.4832489957506012,6.916661725747619,104,
benchmark_dualmp_nl_dense_clutter_eval_dense_clutter.json,101,s2,neural,cbf,ok,False,s2_cbf,True,True,True,0.4959344065778155,7.12919873695519,135,0.2514040470123291,0.24460816383361816,0.7591376250056783,False,,,,,,,,,True,True,True,True,1.0,0.24460816383361816,0.4959344065778155,7.12919873695519,135,
benchmark_dualmp_nl_dense_clutter_eval_dense_clutter.json,102,s2,neural,cbf,ok,False,s2_cbf,True,True,True,0.4666218464578831,6.996873675651247,101,0.22388815879821777,0.21697998046875,0.7063809169922024,False,,,,,,,,,True,True,True,True,1.0,0.21697998046875,0.4666218464578831,6.996873675651247,101,
benchmark_dualmp_nl_dense_clutter_eval_dense_clutter.json,103,s2,neural,cbf,ok,False,s2_cbf,False,False,True,0.47174898302906104,6.871756141295603,123,0.23125290870666504,0.22450995445251465,0.7153727080003591,False,,,,,,,,,True,False,False,True,1.0,0.22450995445251465,0.47174898302906104,6.871756141295603,123,
benchmark_dualmp_nl_dense_clutter_eval_dense_clutter.json,104,s2,neural,cbf,ok,False,s2_cbf,True,True,True,0.49079334948355086,6.756376317741756,86,0.20465493202209473,0.19713211059570312,0.7183126250019995,False,,,,,,,,,True,True,True,True,1.0,0.19713211059570312,0.49079334948355086,6.756376317741756,86,
benchmark_dualmp_nl_dense_clutter_eval_dense_clutter.json,105,s2,neural,cbf,ok,False,s2_cbf,False,False,True,0.4413398959400245,6.841581513294963,94,0.22501516342163086,0.21827197074890137,0.739301167006488,False,,,,,,,,,True,False,False,True,1.0,0.21827197074890137,0.4413398959400245,6.841581513294963,94,
benchmark_dualmp_nl_dense_clutter_eval_dense_clutter.json,106,s2,neural,cbf,ok,False,s2_cbf,True,True,True,0.470223064054497,7.215970412653711,130,0.2799649238586426,0.27295804023742676,0.7340132920071483,False,,,,,,,,,True,True,True,True,1.0,0.27295804023742676,0.470223064054497,7.215970412653711,130,
benchmark_dualmp_nl_dense_clutter_eval_dense_clutter.json,107,s2,neural,cbf,ok,False,s2_cbf,False,False,True,0.4495127310481678,6.732466629841178,91,0.19782710075378418,0.19103002548217773,0.6415408750035567,False,,,,,,,,,True,False,False,True,1.0,0.19103002548217773,0.4495127310481678,6.732466629841178,91,
benchmark_dualmp_nl_dense_clutter_eval_dense_clutter.json,108,s2,neural,cbf,ok,False,s2_cbf,True,True,True,0.43514403888924535,6.803559474048826,89,0.17847514152526855,0.17177295684814453,0.6623707919934532,False,,,,,,,,,True,True,True,True,1.0,0.17177295684814453,0.43514403888924535,6.803559474048826,89,
benchmark_dualmp_nl_dense_clutter_eval_dense_clutter.json,109,s2,neural,cbf,ok,False,s2_cbf,False,False,True,0.49113887469110834,7.070088437110558,99,0.21996498107910156,0.21331095695495605,0.7040941669984022,False,,,,,,,,,True,False,False,True,1.0,0.21331095695495605,0.49113887469110834,7.070088437110558,99,
benchmark_dualmp_nl_dense_clutter_eval_dense_clutter.json,110,s2,neural,cbf,ok,False,s2_cbf,True,True,True,0.4842926823317373,6.890223221909143,94,0.18184900283813477,0.1751711368560791,0.6772002920042723,False,,,,,,,,,True,True,True,True,1.0,0.1751711368560791,0.4842926823317373,6.890223221909143,94,
benchmark_dualmp_nl_dense_clutter_eval_dense_clutter.json,111,s2,neural,cbf,ok,False,s2_cbf,True,True,True,0.49303309930351275,7.527023491811539,106,0.18209600448608398,0.1750650405883789,0.6782772910082713,False,,,,,,,,,True,True,True,True,1.0,0.1750650405883789,0.49303309930351275,7.527023491811539,106,
benchmark_dualmp_nl_dense_clutter_eval_dense_clutter.json,112,s2,neural,cbf,ok,False,s2_cbf,True,True,True,0.48985807149837945,6.882003168356688,110,0.20432782173156738,0.19739794731140137,0.699893750002957,False,,,,,,,,,True,True,True,True,1.0,0.19739794731140137,0.48985807149837945,6.882003168356688,110,
benchmark_dualmp_nl_dense_clutter_eval_dense_clutter.json,113,s2,neural,cbf,ok,False,s2_cbf,True,True,True,0.4756052034314262,7.1865978967100705,111,0.20574092864990234,0.19889402389526367,0.6907559589890298,False,,,,,,,,,True,True,True,True,1.0,0.19889402389526367,0.4756052034314262,7.1865978967100705,111,
benchmark_dualmp_nl_dense_clutter_eval_dense_clutter.json,114,s2,neural,cbf,ok,False,s2_cbf,True,True,True,0.4718098689470704,6.964954518713153,97,0.22303295135498047,0.2161850929260254,0.7138494590035407,False,,,,,,,,,True,True,True,True,1.0,0.2161850929260254,0.4718098689470704,6.964954518713153,97,
benchmark_dualmp_nl_dense_clutter_eval_dense_clutter.json,115,s2,neural,cbf,ok,False,s2_cbf,True,True,True,0.4711738465891494,6.865296031074173,92,0.16721582412719727,0.16048526763916016,0.6589572500088252,False,,,,,,,,,True,True,True,True,1.0,0.16048526763916016,0.4711738465891494,6.865296031074173,92,
benchmark_dualmp_nl_dense_clutter_eval_dense_clutter.json,116,s2,neural,cbf,ok,False,s2_cbf,True,True,True,0.49870102219502754,6.964989083463897,111,0.21443986892700195,0.20750212669372559,0.7074530410027364,False,,,,,,,,,True,True,True,True,1.0,0.20750212669372559,0.49870102219502754,6.964989083463897,111,
benchmark_dualmp_nl_dense_clutter_eval_dense_clutter.json,117,s2,neural,cbf,ok,False,s2_cbf,True,True,True,0.4866158256760736,7.027710682389637,86,0.19797015190124512,0.1910862922668457,0.683327749997261,False,,,,,,,,,True,True,True,True,1.0,0.1910862922668457,0.4866158256760736,7.027710682389637,86,
benchmark_dualmp_nl_dense_clutter_eval_dense_clutter.json,118,s2,neural,cbf,ok,False,s2_cbf,True,True,True,0.4989907335847133,6.688806731733574,69,0.16864013671875,0.16183900833129883,0.6363297920033801,False,,,,,,,,,True,True,True,True,1.0,0.16183900833129883,0.4989907335847133,6.688806731733574,69,
benchmark_dualmp_nl_dense_clutter_eval_dense_clutter.json,119,s2,neural,cbf,ok,False,s2_cbf,True,True,True,0.48973277274732846,6.722986599881645,82,0.17547297477722168,0.16861724853515625,0.646729083993705,False,,,,,,,,,True,True,True,True,1.0,0.16861724853515625,0.48973277274732846,6.722986599881645,82,
benchmark_dualmp_nl_dense_clutter_eval_dense_clutter.json,120,s2,neural,cbf,ok,False,s2_cbf,True,True,True,0.4392219014417019,6.877601327852367,70,0.1746659278869629,0.1678142547607422,0.6412542500038398,False,,,,,,,,,True,True,True,True,1.0,0.1678142547607422,0.4392219014417019,6.877601327852367,70,
benchmark_dualmp_nl_dense_clutter_eval_dense_clutter.json,121,s2,neural,cbf,ok,False,s2_cbf,True,True,True,0.48932587474801065,6.714037510862159,121,0.25679683685302734,0.2497420310974121,0.7325627079990227,False,,,,,,,,,True,True,True,True,1.0,0.2497420310974121,0.48932587474801065,6.714037510862159,121,
benchmark_dualmp_nl_dense_clutter_eval_dense_clutter.json,122,s2,neural,cbf,ok,False,s2_cbf,False,False,True,0.47673840275112733,6.658946945934667,76,0.18346309661865234,0.17689990997314453,0.692567042002338,False,,,,,,,,,True,False,False,True,1.0,0.17689990997314453,0.47673840275112733,6.658946945934667,76,
benchmark_dualmp_nl_dense_clutter_eval_dense_clutter.json,123,s2,neural,cbf,ok,False,s2_cbf,False,False,True,0.4989382213293599,6.632580825457824,88,0.18626117706298828,0.1794590950012207,0.6772589579923078,False,,,,,,,,,True,False,False,True,1.0,0.1794590950012207,0.4989382213293599,6.632580825457824,88,
benchmark_dualmp_nl_dense_clutter_eval_dense_clutter.json,124,s2,neural,cbf,ok,False,s2_cbf,False,False,True,0.43149587944233314,6.908106516544144,83,0.17132282257080078,0.16461992263793945,0.6507389589969534,False,,,,,,,,,True,False,False,True,1.0,0.16461992263793945,0.43149587944233314,6.908106516544144,83,
benchmark_dualmp_nl_dense_clutter_eval_dense_clutter.json,125,s2,neural,cbf,ok,False,s2_cbf,True,True,True,0.4987179382009198,6.798535419625122,106,0.2210381031036377,0.214216947555542,0.7203670000017155,False,,,,,,,,,True,True,True,True,1.0,0.214216947555542,0.4987179382009198,6.798535419625122,106,
benchmark_dualmp_nl_dense_clutter_eval_dense_clutter.json,126,s2,neural,cbf,ok,False,s2_cbf,False,False,True,0.4863729096254749,6.73244775665456,79,0.18468666076660156,0.17776894569396973,0.7070252499979688,False,,,,,,,,,True,False,False,True,1.0,0.17776894569396973,0.4863729096254749,6.73244775665456,79,
benchmark_dualmp_nl_dense_clutter_eval_dense_clutter.json,127,s2,neural,cbf,ok,False,s2_cbf,True,True,True,0.46220700001735165,7.064783435113196,105,0.18886399269104004,0.18192696571350098,0.6701719160046196,False,,,,,,,,,True,True,True,True,1.0,0.18192696571350098,0.46220700001735165,7.064783435113196,105,
benchmark_dualmp_nl_dense_clutter_eval_dense_clutter.json,128,s2,neural,cbf,ok,False,s2_cbf,True,True,True,0.4428017828008712,6.905816935633857,73,0.15779781341552734,0.15091204643249512,0.6363732500030892,False,,,,,,,,,True,True,True,True,1.0,0.15091204643249512,0.4428017828008712,6.905816935633857,73,
benchmark_dualmp_nl_dense_clutter_eval_dense_clutter.json,129,s2,neural,cbf,ok,False,s2_cbf,True,True,True,0.47303185474785425,6.810538402155261,75,0.19455790519714355,0.18769001960754395,0.6935691249964293,False,,,,,,,,,True,True,True,True,1.0,0.18769001960754395,0.47303185474785425,6.810538402155261,75,
benchmark_dualmp_nl_dense_clutter_eval_dense_clutter.json,130,s2,neural,cbf,ok,False,s2_cbf,False,False,True,0.4667183508382701,6.768374636272296,89,0.19934511184692383,0.19255495071411133,0.6876028750120895,False,,,,,,,,,True,False,False,True,1.0,0.19255495071411133,0.4667183508382701,6.768374636272296,89,
benchmark_dualmp_nl_dense_clutter_eval_dense_clutter.json,131,s2,neural,cbf,ok,False,s2_cbf,True,True,True,0.44920222986660285,6.764657723735845,77,0.18427205085754395,0.17759394645690918,0.686436459000106,False,,,,,,,,,True,True,True,True,1.0,0.17759394645690918,0.44920222986660285,6.764657723735845,77,
benchmark_dualmp_nl_dense_clutter_eval_dense_clutter.json,132,s2,neural,cbf,ok,False,s2_cbf,False,False,True,0.4684025549662442,6.710711864442093,90,0.17420482635498047,0.16743922233581543,0.6704923330107704,False,,,,,,,,,True,False,False,True,1.0,0.16743922233581543,0.4684025549662442,6.710711864442093,90,
benchmark_dualmp_nl_dense_clutter_eval_dense_clutter.json,133,s2,neural,cbf,ok,False,s2_cbf,True,True,True,0.4956485012816955,6.688339626424837,113,0.23596501350402832,0.22917890548706055,0.7153772079909686,False,,,,,,,,,True,True,True,True,1.0,0.22917890548706055,0.4956485012816955,6.688339626424837,113,
benchmark_dualmp_nl_dense_clutter_eval_dense_clutter.json,134,s2,neural,cbf,ok,False,s2_cbf,True,True,True,0.45063611181281815,6.726597597871879,70,0.14630722999572754,0.13933682441711426,0.647486250003567,False,,,,,,,,,True,True,True,True,1.0,0.13933682441711426,0.45063611181281815,6.726597597871879,70,
benchmark_dualmp_nl_dense_clutter_eval_dense_clutter.json,135,s2,neural,cbf,ok,False,s2_cbf,False,False,True,0.48858644114097305,6.99885784553996,99,0.24335885047912598,0.23643207550048828,0.7146185410092585,False,,,,,,,,,True,False,False,True,1.0,0.23643207550048828,0.48858644114097305,6.99885784553996,99,
benchmark_dualmp_nl_dense_clutter_eval_dense_clutter.json,136,s2,neural,cbf,ok,False,s2_cbf,True,True,True,0.499808233804401,6.873998477188202,88,0.21680617332458496,0.21003508567810059,0.7134702920011478,False,,,,,,,,,True,True,True,True,1.0,0.21003508567810059,0.499808233804401,6.873998477188202,88,
benchmark_dualmp_nl_dense_clutter_eval_dense_clutter.json,137,s2,neural,cbf,ok,False,s2_cbf,False,False,True,0.4660214784613354,6.823656609275358,88,0.20734405517578125,0.2004680633544922,0.7052257499890402,False,,,,,,,,,True,False,False,True,1.0,0.2004680633544922,0.4660214784613354,6.823656609275358,88,
benchmark_dualmp_nl_dense_clutter_eval_dense_clutter.json,138,s2,neural,cbf,ok,False,s2_cbf,True,True,True,0.47170743318456454,6.955129452580952,78,0.20490026473999023,0.19810986518859863,0.6899506660120096,False,,,,,,,,,True,True,True,True,1.0,0.19810986518859863,0.47170743318456454,6.955129452580952,78,
benchmark_dualmp_nl_dense_clutter_eval_dense_clutter.json,139,s2,neural,cbf,ok,False,s2_cbf,True,True,True,0.4605885451729294,6.857761361398981,72,0.15813517570495605,0.15120291709899902,0.6407869579998078,False,,,,,,,,,True,True,True,True,1.0,0.15120291709899902,0.4605885451729294,6.857761361398981,72,
benchmark_dualmp_nl_dense_clutter_eval_dense_clutter.json,140,s2,neural,cbf,ok,False,s2_cbf,True,True,True,0.4639109651384059,7.289314526082889,84,0.16821789741516113,0.16147494316101074,0.6825810000009369,False,,,,,,,,,True,True,True,True,1.0,0.16147494316101074,0.4639109651384059,7.289314526082889,84,
benchmark_dualmp_nl_dense_clutter_eval_dense_clutter.json,141,s2,neural,cbf,ok,False,s2_cbf,True,True,True,0.43742608861579446,6.905083970876779,82,0.18876385688781738,0.1818382740020752,0.7036967500025639,False,,,,,,,,,True,True,True,True,1.0,0.1818382740020752,0.43742608861579446,6.905083970876779,82,
benchmark_dualmp_nl_dense_clutter_eval_dense_clutter.json,142,s2,neural,cbf,ok,False,s2_cbf,False,False,True,0.472792745954616,6.770453148295374,112,0.23049283027648926,0.2235860824584961,0.7091569589974824,False,,,,,,,,,True,False,False,True,1.0,0.2235860824584961,0.472792745954616,6.770453148295374,112,
benchmark_dualmp_nl_dense_clutter_eval_dense_clutter.json,143,s2,neural,cbf,ok,False,s2_cbf,False,False,True,0.4409982770960807,6.834962374494174,83,0.20311498641967773,0.19644713401794434,0.6780565419903724,False,,,,,,,,,True,False,False,True,1.0,0.19644713401794434,0.4409982770960807,6.834962374494174,83,
benchmark_dualmp_nl_dense_clutter_eval_dense_clutter.json,144,s2,neural,cbf,ok,False,s2_cbf,False,False,True,0.4416900907141003,6.746896722623179,74,0.18754196166992188,0.1806490421295166,0.6860137500043493,False,,,,,,,,,True,False,False,True,1.0,0.1806490421295166,0.4416900907141003,6.746896722623179,74,
benchmark_dualmp_nl_dense_clutter_eval_dense_clutter.json,145,s2,neural,cbf,ok,False,s2_cbf,False,False,True,0.4533344781186846,6.741967923824219,94,0.1934199333190918,0.18645095825195312,0.671850083002937,False,,,,,,,,,True,False,False,True,1.0,0.18645095825195312,0.4533344781186846,6.741967923824219,94,
benchmark_dualmp_nl_dense_clutter_eval_dense_clutter.json,146,s2,neural,cbf,ok,False,s2_cbf,True,True,True,0.47296790274941874,6.923294281490045,91,0.1720578670501709,0.16520118713378906,0.6749091670062626,False,,,,,,,,,True,True,True,True,1.0,0.16520118713378906,0.47296790274941874,6.923294281490045,91,
benchmark_dualmp_nl_dense_clutter_eval_dense_clutter.json,147,s2,neural,cbf,ok,False,s2_cbf,True,True,True,0.47627663065974624,6.812248614349196,106,0.2174370288848877,0.2105731964111328,0.7058617090078769,False,,,,,,,,,True,True,True,True,1.0,0.2105731964111328,0.47627663065974624,6.812248614349196,106,
benchmark_dualmp_nl_dense_clutter_eval_dense_clutter.json,148,s2,neural,cbf,ok,False,s2_cbf,True,True,True,0.4373026598491549,6.727948466365531,81,0.19154596328735352,0.18476414680480957,0.671935874997871,False,,,,,,,,,True,True,True,True,1.0,0.18476414680480957,0.4373026598491549,6.727948466365531,81,
benchmark_dualmp_nl_dense_clutter_eval_dense_clutter.json,149,s2,neural,cbf,ok,False,s2_cbf,True,True,True,0.4409902707500302,6.792450260579898,68,0.15714311599731445,0.15020012855529785,0.6494897090015002,False,,,,,,,,,True,True,True,True,1.0,0.15020012855529785,0.4409902707500302,6.792450260579898,68,
benchmark_dualmp_nl_dense_clutter_eval_dense_clutter.json,150,s2,neural,cbf,ok,False,s2_cbf,True,True,True,0.46217377199527243,7.018948357847018,98,0.1821141242980957,0.17529511451721191,0.6745987080066698,False,,,,,,,,,True,True,True,True,1.0,0.17529511451721191,0.46217377199527243,7.018948357847018,98,
benchmark_dualmp_nl_dense_clutter_eval_dense_clutter.json,151,s2,neural,cbf,ok,False,s2_cbf,True,True,True,0.4431204676840989,6.725628799466915,84,0.19468474388122559,0.18779873847961426,0.6797994999942603,False,,,,,,,,,True,True,True,True,1.0,0.18779873847961426,0.4431204676840989,6.725628799466915,84,
benchmark_dualmp_nl_dense_clutter_eval_dense_clutter.json,152,s2,neural,cbf,ok,False,s2_cbf,False,False,True,0.47226269993696457,6.794739809239541,113,0.21366190910339355,0.2068650722503662,0.6643893330037827,False,,,,,,,,,True,False,False,True,1.0,0.2068650722503662,0.47226269993696457,6.794739809239541,113,
benchmark_dualmp_nl_dense_clutter_eval_dense_clutter.json,153,s2,neural,cbf,ok,False,s2_cbf,True,True,True,0.49316861566036135,6.946451657874988,103,0.2221980094909668,0.2153480052947998,0.706123292009579,False,,,,,,,,,True,True,True,True,1.0,0.2153480052947998,0.49316861566036135,6.946451657874988,103,
benchmark_dualmp_nl_dense_clutter_eval_dense_clutter.json,154,s2,neural,cbf,ok,False,s2_cbf,True,True,True,0.4730451412721361,6.867604403197985,84,0.17803311347961426,0.17113804817199707,0.6627711250039283,False,,,,,,,,,True,True,True,True,1.0,0.17113804817199707,0.4730451412721361,6.867604403197985,84,
benchmark_dualmp_nl_dense_clutter_eval_dense_clutter.json,155,s2,neural,cbf,ok,False,s2_cbf,True,True,True,0.4971894827413612,6.825556038230593,98,0.21857285499572754,0.2119309902191162,0.7058004590071505,False,,,,,,,,,True,True,True,True,1.0,0.2119309902191162,0.4971894827413612,6.825556038230593,98,
benchmark_dualmp_nl_dense_clutter_eval_dense_clutter.json,156,s2,neural,cbf,ok,False,s2_cbf,True,True,True,0.4584043015856507,6.8037325075983635,73,0.18819093704223633,0.1814432144165039,0.6605395420046989,False,,,,,,,,,True,True,True,True,1.0,0.1814432144165039,0.4584043015856507,6.8037325075983635,73,
benchmark_dualmp_nl_dense_clutter_eval_dense_clutter.json,157,s2,neural,cbf,ok,False,s2_cbf,True,True,True,0.47879299633130046,6.714485379366331,100,0.21928095817565918,0.21243596076965332,0.6983256670064293,False,,,,,,,,,True,True,True,True,1.0,0.21243596076965332,0.47879299633130046,6.714485379366331,100,
benchmark_dualmp_nl_dense_clutter_eval_dense_clutter.json,158,s2,neural,cbf,ok,False,s2_cbf,True,True,True,0.48164972429397185,6.940849179215878,113,0.24890398979187012,0.24195194244384766,0.7500335419899784,False,,,,,,,,,True,True,True,True,1.0,0.24195194244384766,0.48164972429397185,6.940849179215878,113,
benchmark_dualmp_nl_dense_clutter_eval_dense_clutter.json,159,s2,neural,cbf,ok,False,s2_cbf,False,False,True,0.4302849440775638,6.806840271172857,87,0.1992802619934082,0.1925969123840332,0.692687417002162,False,,,,,,,,,True,False,False,True,1.0,0.1925969123840332,0.4302849440775638,6.806840271172857,87,
benchmark_dualmp_nl_dense_clutter_eval_dense_clutter.json,160,s2,neural,cbf,ok,False,s2_cbf,True,True,True,0.42885740903835423,6.813178862392534,75,0.15996384620666504,0.15260982513427734,0.6460203330061631,False,,,,,,,,,True,True,True,True,1.0,0.15260982513427734,0.42885740903835423,6.813178862392534,75,
benchmark_dualmp_nl_dense_clutter_eval_dense_clutter.json,161,s2,neural,cbf,ok,False,s2_cbf,True,True,True,0.4900823119199786,6.670553555868883,92,0.18014001846313477,0.17307806015014648,0.6889165410102578,False,,,,,,,,,True,True,True,True,1.0,0.17307806015014648,0.4900823119199786,6.670553555868883,92,
benchmark_dualmp_nl_dense_clutter_eval_dense_clutter.json,162,s2,neural,cbf,ok,False,s2_cbf,True,True,True,0.435088004252037,6.821319809302303,71,0.15325117111206055,0.14643001556396484,0.6420804999943357,False,,,,,,,,,True,True,True,True,1.0,0.14643001556396484,0.435088004252037,6.821319809302303,71,
benchmark_dualmp_nl_dense_clutter_eval_dense_clutter.json,163,s2,neural,cbf,ok,False,s2_cbf,True,True,True,0.4777883726714424,6.950081735660885,76,0.15305185317993164,0.14623308181762695,0.6535797500109766,False,,,,,,,,,True,True,True,True,1.0,0.14623308181762695,0.4777883726714424,6.950081735660885,76,
benchmark_dualmp_nl_dense_clutter_eval_dense_clutter.json,164,s2,neural,cbf,ok,False,s2_cbf,True,True,True,0.43601704120068807,6.700831428596643,79,0.17400217056274414,0.1672062873840332,0.7255124160001287,False,,,,,,,,,True,True,True,True,1.0,0.1672062873840332,0.43601704120068807,6.700831428596643,79,
benchmark_dualmp_nl_dense_clutter_eval_dense_clutter.json,165,s2,neural,cbf,ok,False,s2_cbf,True,True,True,0.44958622592620934,6.7512804946558544,76,0.1735389232635498,0.1666700839996338,0.6611205829976825,False,,,,,,,,,True,True,True,True,1.0,0.1666700839996338,0.44958622592620934,6.7512804946558544,76,
benchmark_dualmp_nl_dense_clutter_eval_dense_clutter.json,166,s2,neural,cbf,ok,False,s2_cbf,True,True,True,0.4804575458598798,7.372024101739072,141,0.2677948474884033,0.26080894470214844,0.7990048749925336,False,,,,,,,,,True,True,True,True,1.0,0.26080894470214844,0.4804575458598798,7.372024101739072,141,
benchmark_dualmp_nl_dense_clutter_eval_dense_clutter.json,167,s2,neural,cbf,ok,False,s2_cbf,True,True,True,0.49981769138958904,6.73715345167734,73,0.18059110641479492,0.1738147735595703,0.6830451670102775,False,,,,,,,,,True,True,True,True,1.0,0.1738147735595703,0.49981769138958904,6.73715345167734,73,
benchmark_dualmp_nl_dense_clutter_eval_dense_clutter.json,168,s2,neural,cbf,ok,False,s2_cbf,True,True,True,0.4619975535529533,7.174167231737303,99,0.20283007621765137,0.19606494903564453,0.6786142499913694,False,,,,,,,,,True,True,True,True,1.0,0.19606494903564453,0.4619975535529533,7.174167231737303,99,
benchmark_dualmp_nl_dense_clutter_eval_dense_clutter.json,169,s2,neural,cbf,ok,False,s2_cbf,True,True,True,0.4305409586179937,6.762590732851692,89,0.2100069522857666,0.20302391052246094,0.7089471250073984,False,,,,,,,,,True,True,True,True,1.0,0.20302391052246094,0.4305409586179937,6.762590732851692,89,
benchmark_dualmp_nl_dense_clutter_eval_dense_clutter.json,170,s2,neural,cbf,ok,False,s2_cbf,False,False,True,0.47833844056580804,6.7401396286890565,82,0.19704818725585938,0.19025278091430664,0.6894945410022046,False,,,,,,,,,True,False,False,True,1.0,0.19025278091430664,0.47833844056580804,6.7401396286890565,82,
benchmark_dualmp_nl_dense_clutter_eval_dense_clutter.json,171,s2,neural,cbf,ok,False,s2_cbf,True,True,True,0.4775356314532603,6.746917274035946,76,0.17686200141906738,0.17005705833435059,0.6725835420074873,False,,,,,,,,,True,True,True,True,1.0,0.17005705833435059,0.4775356314532603,6.746917274035946,76,
benchmark_dualmp_nl_dense_clutter_eval_dense_clutter.json,172,s2,neural,cbf,ok,False,s2_cbf,True,True,True,0.49518838196618553,6.668137968681758,104,0.2137589454650879,0.20694708824157715,0.7028440409922041,False,,,,,,,,,True,True,True,True,1.0,0.20694708824157715,0.49518838196618553,6.668137968681758,104,
benchmark_dualmp_nl_dense_clutter_eval_dense_clutter.json,173,s2,neural,cbf,ok,False,s2_cbf,True,True,True,0.47438202214104397,6.803631684420307,83,0.16573286056518555,0.15872573852539062,0.6433755830075825,False,,,,,,,,,True,True,True,True,1.0,0.15872573852539062,0.47438202214104397,6.803631684420307,83,
benchmark_dualmp_nl_dense_clutter_eval_dense_clutter.json,174,s2,neural,cbf,ok,False,s2_cbf,True,True,True,0.45168147341855003,6.7962266885119185,95,0.17853784561157227,0.17175698280334473,0.6876757090067258,False,,,,,,,,,True,True,True,True,1.0,0.17175698280334473,0.45168147341855003,6.7962266885119185,95,
benchmark_dualmp_nl_dense_clutter_eval_dense_clutter.json,175,s2,neural,cbf,ok,False,s2_cbf,True,True,True,0.4830982473344654,6.713680966299352,106,0.22890591621398926,0.22208094596862793,0.7336492920003366,False,,,,,,,,,True,True,True,True,1.0,0.22208094596862793,0.4830982473344654,6.713680966299352,106,
benchmark_dualmp_nl_dense_clutter_eval_dense_clutter.json,176,s2,neural,cbf,ok,False,s2_cbf,True,True,True,0.49164007019588085,6.658650346396279,73,0.17452692985534668,0.1677088737487793,0.6572373750095721,False,,,,,,,,,True,True,True,True,1.0,0.1677088737487793,0.49164007019588085,6.658650346396279,73,
benchmark_dualmp_nl_dense_clutter_eval_dense_clutter.json,177,s2,neural,cbf,ok,False,s2_cbf,True,True,True,0.42583138091761286,6.81068539477385,71,0.17710280418395996,0.17018795013427734,0.6491540830029408,False,,,,,,,,,True,True,True,True,1.0,0.17018795013427734,0.42583138091761286,6.81068539477385,71,
benchmark_dualmp_nl_dense_clutter_eval_dense_clutter.json,178,s2,neural,cbf,ok,False,s2_cbf,True,True,True,0.4601663715054737,6.851628668321888,73,0.15276217460632324,0.14595890045166016,0.6483962499914924,False,,,,,,,,,True,True,True,True,1.0,0.14595890045166016,0.4601663715054737,6.851628668321888,73,
benchmark_dualmp_nl_dense_clutter_eval_dense_clutter.json,179,s2,neural,cbf,ok,False,s2_cbf,True,True,True,0.47806641640280423,6.691458576534994,76,0.17922425270080566,0.1724381446838379,0.6582973750046222,False,,,,,,,,,True,True,True,True,1.0,0.1724381446838379,0.47806641640280423,6.691458576534994,76,
benchmark_dualmp_nl_dense_clutter_eval_dense_clutter.json,180,s2,neural,cbf,ok,False,s2_cbf,True,True,True,0.45407636938783846,6.960270365679695,87,0.19254302978515625,0.18567109107971191,0.6764826670114417,False,,,,,,,,,True,True,True,True,1.0,0.18567109107971191,0.45407636938783846,6.960270365679695,87,
benchmark_dualmp_nl_dense_clutter_eval_dense_clutter.json,181,s2,neural,cbf,ok,False,s2_cbf,True,True,True,0.4662272831291163,6.787554622741335,76,0.19686508178710938,0.19008708000183105,0.6838347080047242,False,,,,,,,,,True,True,True,True,1.0,0.19008708000183105,0.4662272831291163,6.787554622741335,76,
benchmark_dualmp_nl_dense_clutter_eval_dense_clutter.json,182,s2,neural,cbf,ok,False,s2_cbf,True,True,True,0.4962109501802066,6.738542379218412,73,0.15755391120910645,0.1507561206817627,0.6331316249998054,False,,,,,,,,,True,True,True,True,1.0,0.1507561206817627,0.4962109501802066,6.738542379218412,73,
benchmark_dualmp_nl_dense_clutter_eval_dense_clutter.json,183,s2,neural,cbf,ok,False,s2_cbf,True,True,True,0.46277140158705987,6.792479934686997,95,0.21181893348693848,0.20491695404052734,0.6627208330028225,False,,,,,,,,,True,True,True,True,1.0,0.20491695404052734,0.46277140158705987,6.792479934686997,95,
benchmark_dualmp_nl_dense_clutter_eval_dense_clutter.json,184,s2,neural,cbf,ok,False,s2_cbf,True,True,True,0.44381798828140856,6.795841108638309,87,0.18456816673278809,0.17770814895629883,0.681452958000591,False,,,,,,,,,True,True,True,True,1.0,0.17770814895629883,0.44381798828140856,6.795841108638309,87,
benchmark_dualmp_nl_dense_clutter_eval_dense_clutter.json,185,s2,neural,cbf,ok,False,s2_cbf,True,True,True,0.4375556079821594,6.802143947003325,82,0.20726990699768066,0.20049619674682617,0.6979274159966735,False,,,,,,,,,True,True,True,True,1.0,0.20049619674682617,0.4375556079821594,6.802143947003325,82,
benchmark_dualmp_nl_dense_clutter_eval_dense_clutter.json,186,s2,neural,cbf,ok,False,s2_cbf,True,True,True,0.4952700478063046,6.824287252704448,114,0.2585110664367676,0.25167393684387207,0.7252221670059953,False,,,,,,,,,True,True,True,True,1.0,0.25167393684387207,0.4952700478063046,6.824287252704448,114,
benchmark_dualmp_nl_dense_clutter_eval_dense_clutter.json,187,s2,neural,cbf,ok,False,s2_cbf,False,False,True,0.4904280258682174,6.610287943761522,78,0.2033548355102539,0.19672489166259766,0.6575724160065874,False,,,,,,,,,True,False,False,True,1.0,0.19672489166259766,0.4904280258682174,6.610287943761522,78,
benchmark_dualmp_nl_dense_clutter_eval_dense_clutter.json,188,s2,neural,cbf,ok,False,s2_cbf,True,True,True,0.4597550476149358,7.052969041984028,130,0.24930500984191895,0.24244189262390137,0.7491480419994332,False,,,,,,,,,True,True,True,True,1.0,0.24244189262390137,0.4597550476149358,7.052969041984028,130,
benchmark_dualmp_nl_dense_clutter_eval_dense_clutter.json,189,s2,neural,cbf,ok,False,s2_cbf,True,True,True,0.47180185826632426,6.840493398862957,105,0.20570588111877441,0.19885993003845215,0.680367250010022,False,,,,,,,,,True,True,True,True,1.0,0.19885993003845215,0.47180185826632426,6.840493398862957,105,
benchmark_dualmp_nl_dense_clutter_eval_dense_clutter.json,190,s2,neural,cbf,ok,False,s2_cbf,True,True,True,0.47610945446132685,6.922502340962927,115,0.22870206832885742,0.2217271327972412,0.6921497500006808,False,,,,,,,,,True,True,True,True,1.0,0.2217271327972412,0.47610945446132685,6.922502340962927,115,
benchmark_dualmp_nl_dense_clutter_eval_dense_clutter.json,191,s2,neural,cbf,ok,False,s2_cbf,True,True,True,0.4518194300881049,6.965023441281887,83,0.2129201889038086,0.2058107852935791,0.6811251670005731,False,,,,,,,,,True,True,True,True,1.0,0.2058107852935791,0.4518194300881049,6.965023441281887,83,
benchmark_dualmp_nl_dense_clutter_eval_dense_clutter.json,192,s2,neural,cbf,ok,False,s2_cbf,False,False,True,0.44701397045004326,6.826033040082845,93,0.2015678882598877,0.19486474990844727,0.7134459160006372,False,,,,,,,,,True,False,False,True,1.0,0.19486474990844727,0.44701397045004326,6.826033040082845,93,
benchmark_dualmp_nl_dense_clutter_eval_dense_clutter.json,193,s2,neural,cbf,ok,False,s2_cbf,True,True,True,0.44603046447831474,6.7278129312901624,82,0.1830449104309082,0.1761019229888916,0.6534441659896402,False,,,,,,,,,True,True,True,True,1.0,0.1761019229888916,0.44603046447831474,6.7278129312901624,82,
benchmark_dualmp_nl_dense_clutter_eval_dense_clutter.json,194,s2,neural,cbf,ok,False,s2_cbf,True,True,True,0.49311382395095354,6.6800696695927835,85,0.1683797836303711,0.16159296035766602,0.665758208007901,False,,,,,,,,,True,True,True,True,1.0,0.16159296035766602,0.49311382395095354,6.6800696695927835,85,
benchmark_dualmp_nl_dense_clutter_eval_dense_clutter.json,195,s2,neural,cbf,ok,False,s2_cbf,False,False,True,0.47010062626167054,6.860445153049952,101,0.22658514976501465,0.21979618072509766,0.7288588330120547,False,,,,,,,,,True,False,False,True,1.0,0.21979618072509766,0.47010062626167054,6.860445153049952,101,
benchmark_dualmp_nl_dense_clutter_eval_dense_clutter.json,196,s2,neural,cbf,ok,False,s2_cbf,False,False,True,0.4963041433650481,6.695391449241179,86,0.20366406440734863,0.19696712493896484,0.6860481670009904,False,,,,,,,,,True,False,False,True,1.0,0.19696712493896484,0.4963041433650481,6.695391449241179,86,
benchmark_dualmp_nl_dense_clutter_eval_dense_clutter.json,197,s2,neural,cbf,ok,False,s2_cbf,True,True,True,0.4688061365012085,7.141595330653397,101,0.1939561367034912,0.18702197074890137,0.6922270419890992,False,,,,,,,,,True,True,True,True,1.0,0.18702197074890137,0.4688061365012085,7.141595330653397,101,
benchmark_dualmp_nl_dense_clutter_eval_dense_clutter.json,198,s2,neural,cbf,ok,False,s2_cbf,True,True,True,0.4317375972340233,6.8932695679896145,72,0.13867807388305664,0.12163925170898438,0.6388309169997228,False,,,,,,,,,True,True,True,True,1.0,0.12163925170898438,0.4317375972340233,6.8932695679896145,72,
benchmark_dualmp_nl_dense_clutter_eval_dense_clutter.json,199,s2,neural,cbf,ok,False,s2_cbf,True,True,True,0.45296487426658094,6.719572781933334,89,0.16613101959228516,0.15872693061828613,0.6654326660063816,False,,,,,,,,,True,True,True,True,1.0,0.15872693061828613,0.45296487426658094,6.719572781933334,89,
benchmark_dualmp_nl_dense_clutter_eval_dense_clutter.json,200,s2,neural,cbf,ok,False,s2_cbf,True,True,True,0.4896364450413231,6.846751765099917,78,0.1664409637451172,0.15975475311279297,0.6603422079933807,False,,,,,,,,,True,True,True,True,1.0,0.15975475311279297,0.4896364450413231,6.846751765099917,78,
benchmark_dualmp_nl_dense_clutter_eval_dense_clutter.json,201,s2,neural,cbf,ok,False,s2_cbf,True,True,True,0.47470779822895715,6.781381724357717,88,0.1703641414642334,0.16356468200683594,0.6724985000037123,False,,,,,,,,,True,True,True,True,1.0,0.16356468200683594,0.47470779822895715,6.781381724357717,88,
benchmark_dualmp_nl_dense_clutter_eval_dense_clutter.json,202,s2,neural,cbf,ok,False,s2_cbf,True,True,True,0.48238143208763884,7.7741476860753025,121,0.22023606300354004,0.21339702606201172,0.7072125830018194,False,,,,,,,,,True,True,True,True,1.0,0.21339702606201172,0.48238143208763884,7.7741476860753025,121,
benchmark_dualmp_nl_dense_clutter_eval_dense_clutter.json,203,s2,neural,cbf,ok,False,s2_cbf,True,True,True,0.4818119634703621,6.775381940138323,87,0.20119500160217285,0.19432497024536133,0.694158124999376,False,,,,,,,,,True,True,True,True,1.0,0.19432497024536133,0.4818119634703621,6.775381940138323,87,
benchmark_dualmp_nl_dense_clutter_eval_dense_clutter.json,204,s2,neural,cbf,ok,False,s2_cbf,True,True,True,0.4684966590385841,6.9535020029211445,81,0.16800284385681152,0.16103816032409668,0.6429617499961751,False,,,,,,,,,True,True,True,True,1.0,0.16103816032409668,0.4684966590385841,6.9535020029211445,81,
benchmark_dualmp_nl_dense_clutter_eval_dense_clutter.json,205,s2,neural,cbf,ok,False,s2_cbf,False,False,True,0.495347430603,6.758032024986113,88,0.1916217803955078,0.18481922149658203,0.6499285419995431,False,,,,,,,,,True,False,False,True,1.0,0.18481922149658203,0.495347430603,6.758032024986113,88,
benchmark_dualmp_nl_dense_clutter_eval_dense_clutter.json,206,s2,neural,cbf,ok,False,s2_cbf,True,True,True,0.458335180807453,6.693468212375351,80,0.16832208633422852,0.16162395477294922,0.6647304999933112,False,,,,,,,,,True,True,True,True,1.0,0.16162395477294922,0.458335180807453,6.693468212375351,80,
benchmark_dualmp_nl_dense_clutter_eval_dense_clutter.json,207,s2,neural,cbf,ok,False,s2_cbf,False,False,True,0.49732636541978836,6.723066389751353,75,0.15792202949523926,0.15111517906188965,0.668334791000234,False,,,,,,,,,True,False,False,True,1.0,0.15111517906188965,0.49732636541978836,6.723066389751353,75,
benchmark_dualmp_nl_dense_clutter_eval_dense_clutter.json,208,s2,neural,cbf,ok,False,s2_cbf,True,True,True,0.47350976650500287,6.910623515470726,80,0.18046283721923828,0.17368793487548828,0.668263957995805,False,,,,,,,,,True,True,True,True,1.0,0.17368793487548828,0.47350976650500287,6.910623515470726,80,
benchmark_dualmp_nl_dense_clutter_eval_dense_clutter.json,209,s2,neural,cbf,ok,False,s2_cbf,True,True,True,0.4957440014996916,6.780756125846907,87,0.2039639949798584,0.19728899002075195,0.7182012910052435,False,,,,,,,,,True,True,True,True,1.0,0.19728899002075195,0.4957440014996916,6.780756125846907,87,
benchmark_dualmp_nl_dense_clutter_eval_dense_clutter.json,210,s2,neural,cbf,ok,False,s2_cbf,True,True,True,0.48032807567566926,6.650319373795138,115,0.24457597732543945,0.2375171184539795,0.7453552499937359,False,,,,,,,,,True,True,True,True,1.0,0.2375171184539795,0.48032807567566926,6.650319373795138,115,
benchmark_dualmp_nl_dense_clutter_eval_dense_clutter.json,211,s2,neural,cbf,ok,False,s2_cbf,True,True,True,0.48176838827780766,6.752986945972023,86,0.17867612838745117,0.17188382148742676,0.6554006670048693,False,,,,,,,,,True,True,True,True,1.0,0.17188382148742676,0.48176838827780766,6.752986945972023,86,
benchmark_dualmp_nl_dense_clutter_eval_dense_clutter.json,212,s2,neural,cbf,ok,False,s2_cbf,True,True,True,0.43737476606206444,6.803632080293755,84,0.20206928253173828,0.19521284103393555,0.6866133330040611,False,,,,,,,,,True,True,True,True,1.0,0.19521284103393555,0.43737476606206444,6.803632080293755,84,
benchmark_dualmp_nl_dense_clutter_eval_dense_clutter.json,213,s2,neural,cbf,ok,False,s2_cbf,False,False,True,0.4725602367657415,6.773340093315434,80,0.21870994567871094,0.21173501014709473,0.7208665420039324,False,,,,,,,,,True,False,False,True,1.0,0.21173501014709473,0.4725602367657415,6.773340093315434,80,
benchmark_dualmp_nl_dense_clutter_eval_dense_clutter.json,214,s2,neural,cbf,ok,False,s2_cbf,True,True,True,0.45297609759173985,6.975653892639423,80,0.1824808120727539,0.1756911277770996,0.6951295409962768,False,,,,,,,,,True,True,True,True,1.0,0.1756911277770996,0.45297609759173985,6.975653892639423,80,
benchmark_dualmp_nl_dense_clutter_eval_dense_clutter.json,215,s2,neural,cbf,ok,False,s2_cbf,True,True,True,0.48896111417936955,7.537098347302165,94,0.17886590957641602,0.17200899124145508,0.6709996660065372,False,,,,,,,,,True,True,True,True,1.0,0.17200899124145508,0.48896111417936955,7.537098347302165,94,
benchmark_dualmp_nl_dense_clutter_eval_dense_clutter.json,216,s2,neural,cbf,ok,False,s2_cbf,True,True,True,0.482979519954688,6.751157704041457,98,0.2034008502960205,0.1959681510925293,0.6754627080081264,False,,,,,,,,,True,True,True,True,1.0,0.1959681510925293,0.482979519954688,6.751157704041457,98,
benchmark_dualmp_nl_dense_clutter_eval_dense_clutter.json,217,s2,neural,cbf,ok,False,s2_cbf,False,False,True,0.45683486119129446,6.971047827485862,104,0.24428081512451172,0.23744511604309082,0.6917349159921287,False,,,,,,,,,True,False,False,True,1.0,0.23744511604309082,0.45683486119129446,6.971047827485862,104,
benchmark_dualmp_nl_dense_clutter_eval_dense_clutter.json,218,s2,neural,cbf,ok,False,s2_cbf,True,True,True,0.4655236624195306,6.854817114036265,83,0.19576501846313477,0.18881487846374512,0.691070833010599,False,,,,,,,,,True,True,True,True,1.0,0.18881487846374512,0.4655236624195306,6.854817114036265,83,
benchmark_dualmp_nl_dense_clutter_eval_dense_clutter.json,219,s2,neural,cbf,ok,False,s2_cbf,True,True,True,0.49918932400136795,7.25214462981479,114,0.21358704566955566,0.20675992965698242,0.7229973750072531,False,,,,,,,,,True,True,True,True,1.0,0.20675992965698242,0.49918932400136795,7.25214462981479,114,
benchmark_dualmp_nl_dense_clutter_eval_dense_clutter.json,220,s2,neural,cbf,ok,False,s2_cbf,True,True,True,0.4652302489797129,6.937006012710416,84,0.20668530464172363,0.1998000144958496,0.6820955000002868,False,,,,,,,,,True,True,True,True,1.0,0.1998000144958496,0.4652302489797129,6.937006012710416,84,
benchmark_dualmp_nl_dense_clutter_eval_dense_clutter.json,221,s2,neural,cbf,ok,False,s2_cbf,True,True,True,0.4979490097189516,6.657258299724235,84,0.20193099975585938,0.19492506980895996,0.6862502919975668,False,,,,,,,,,True,True,True,True,1.0,0.19492506980895996,0.4979490097189516,6.657258299724235,84,
benchmark_dualmp_nl_dense_clutter_eval_dense_clutter.json,222,s2,neural,cbf,ok,False,s2_cbf,True,True,True,0.4921225273320952,6.672498647360435,80,0.20542097091674805,0.1985330581665039,0.6669597500003874,False,,,,,,,,,True,True,True,True,1.0,0.1985330581665039,0.4921225273320952,6.672498647360435,80,
benchmark_dualmp_nl_dense_clutter_eval_dense_clutter.json,223,s2,neural,cbf,ok,False,s2_cbf,False,False,True,0.4844621215387846,7.132061034673705,110,0.22104787826538086,0.21441197395324707,0.7311171670007752,False,,,,,,,,,True,False,False,True,1.0,0.21441197395324707,0.4844621215387846,7.132061034673705,110,
benchmark_dualmp_nl_dense_clutter_eval_dense_clutter.json,224,s2,neural,cbf,ok,False,s2_cbf,False,False,True,0.45220837927088686,6.7571539453632194,87,0.18777894973754883,0.1809530258178711,0.674611125010415,False,,,,,,,,,True,False,False,True,1.0,0.1809530258178711,0.45220837927088686,6.7571539453632194,87,
benchmark_dualmp_nl_dense_clutter_eval_dense_clutter.json,225,s2,neural,cbf,ok,False,s2_cbf,False,False,True,0.479291194251348,6.7821693443509385,87,0.21444201469421387,0.20767736434936523,0.6866854170075385,False,,,,,,,,,True,False,False,True,1.0,0.20767736434936523,0.479291194251348,6.7821693443509385,87,
benchmark_dualmp_nl_dense_clutter_eval_dense_clutter.json,226,s2,neural,cbf,ok,False,s2_cbf,True,True,True,0.4396154694392034,6.897493400521365,92,0.17589378356933594,0.1691288948059082,0.6573477920028381,False,,,,,,,,,True,True,True,True,1.0,0.1691288948059082,0.4396154694392034,6.897493400521365,92,
benchmark_dualmp_nl_dense_clutter_eval_dense_clutter.json,227,s2,neural,cbf,ok,False,s2_cbf,True,True,True,0.4870213327978717,6.9291934648250875,82,0.17013907432556152,0.16325902938842773,0.6654322499962291,False,,,,,,,,,True,True,True,True,1.0,0.16325902938842773,0.4870213327978717,6.9291934648250875,82,
benchmark_dualmp_nl_dense_clutter_eval_dense_clutter.json,228,s2,neural,cbf,ok,False,s2_cbf,True,True,True,0.4980246882832516,6.93432541036154,95,0.21660614013671875,0.2096691131591797,0.6939018330012914,False,,,,,,,,,True,True,True,True,1.0,0.2096691131591797,0.4980246882832516,6.93432541036154,95,
benchmark_dualmp_nl_dense_clutter_eval_dense_clutter.json,229,s2,neural,cbf,ok,False,s2_cbf,False,False,True,0.43831413545875547,6.815600556209834,91,0.15889787673950195,0.15208768844604492,0.6849178749980638,False,,,,,,,,,True,False,False,True,1.0,0.15208768844604492,0.43831413545875547,6.815600556209834,91,
benchmark_dualmp_nl_dense_clutter_eval_dense_clutter.json,230,s2,neural,cbf,ok,False,s2_cbf,True,True,True,0.45326219181096034,6.677901367520839,81,0.16816210746765137,0.16139793395996094,0.6567157079989556,False,,,,,,,,,True,True,True,True,1.0,0.16139793395996094,0.45326219181096034,6.677901367520839,81,
benchmark_dualmp_nl_dense_clutter_eval_dense_clutter.json,231,s2,neural,cbf,ok,False,s2_cbf,True,True,True,0.47622722630858083,6.872160583586817,107,0.1936030387878418,0.18681788444519043,0.6825547080079559,False,,,,,,,,,True,True,True,True,1.0,0.18681788444519043,0.47622722630858083,6.872160583586817,107,
benchmark_dualmp_nl_dense_clutter_eval_dense_clutter.json,232,s2,neural,cbf,ok,False,s2_cbf,True,True,True,0.45507867169361643,6.710337299647587,110,0.22293877601623535,0.2160179615020752,0.7051030829898082,False,,,,,,,,,True,True,True,True,1.0,0.2160179615020752,0.45507867169361643,6.710337299647587,110,
benchmark_dualmp_nl_dense_clutter_eval_dense_clutter.json,233,s2,neural,cbf,ok,False,s2_cbf,True,True,True,0.47412285071278476,6.894544558993424,78,0.16944098472595215,0.16278815269470215,0.6906855840061326,False,,,,,,,,,True,True,True,True,1.0,0.16278815269470215,0.47412285071278476,6.894544558993424,78,
benchmark_dualmp_nl_dense_clutter_eval_dense_clutter.json,234,s2,neural,cbf,ok,False,s2_cbf,True,True,True,0.4640444538002645,7.568564586642431,124,0.2603778839111328,0.2534677982330322,0.7401311669964343,False,,,,,,,,,True,True,True,True,1.0,0.2534677982330322,0.4640444538002645,7.568564586642431,124,
benchmark_dualmp_nl_dense_clutter_eval_dense_clutter.json,235,s2,neural,cbf,ok,False,s2_cbf,True,True,True,0.4347656091436007,6.751015431594699,80,0.1596388816833496,0.15274596214294434,0.6421442080027191,False,,,,,,,,,True,True,True,True,1.0,0.15274596214294434,0.4347656091436007,6.751015431594699,80,
benchmark_dualmp_nl_dense_clutter_eval_dense_clutter.json,236,s2,neural,cbf,ok,False,s2_cbf,True,True,True,0.483117082145895,7.8411916755183215,110,0.18860888481140137,0.18192315101623535,0.6761676660098601,False,,,,,,,,,True,True,True,True,1.0,0.18192315101623535,0.483117082145895,7.8411916755183215,110,
benchmark_dualmp_nl_dense_clutter_eval_dense_clutter.json,237,s2,neural,cbf,ok,False,s2_cbf,True,True,True,0.4623266405638242,6.881319048844542,80,0.18399906158447266,0.17711281776428223,0.6934126659907633,False,,,,,,,,,True,True,True,True,1.0,0.17711281776428223,0.4623266405638242,6.881319048844542,80,
benchmark_dualmp_nl_dense_clutter_eval_dense_clutter.json,238,s2,neural,cbf,ok,False,s2_cbf,True,True,True,0.487180052794799,6.7012293815990365,105,0.22530198097229004,0.21842408180236816,0.7275000840018038,False,,,,,,,,,True,True,True,True,1.0,0.21842408180236816,0.487180052794799,6.7012293815990365,105,
benchmark_dualmp_nl_dense_clutter_eval_dense_clutter.json,239,s2,neural,cbf,ok,False,s2_cbf,True,True,True,0.4499878804366309,6.87133513871052,90,0.22123336791992188,0.21436381340026855,0.6986130419973051,False,,,,,,,,,True,True,True,True,1.0,0.21436381340026855,0.4499878804366309,6.87133513871052,90,
benchmark_dualmp_nl_dense_clutter_eval_dense_clutter.json,240,s2,neural,cbf,ok,False,s2_cbf,False,False,True,0.49966596261006035,6.698171281164514,92,0.21707487106323242,0.21030282974243164,0.716521708003711,False,,,,,,,,,True,False,False,True,1.0,0.21030282974243164,0.49966596261006035,6.698171281164514,92,
benchmark_dualmp_nl_dense_clutter_eval_dense_clutter.json,241,s2,neural,cbf,ok,False,s2_cbf,False,False,True,0.4789654579455127,7.015470413846467,92,0.2136540412902832,0.2068321704864502,0.712642209007754,False,,,,,,,,,True,False,False,True,1.0,0.2068321704864502,0.4789654579455127,7.015470413846467,92,
benchmark_dualmp_nl_dense_clutter_eval_dense_clutter.json,242,s2,neural,cbf,ok,False,s2_cbf,True,True,True,0.47261909507254746,6.693369338564049,108,0.17083191871643066,0.16401910781860352,0.6869942079938482,False,,,,,,,,,True,True,True,True,1.0,0.16401910781860352,0.47261909507254746,6.693369338564049,108,
benchmark_dualmp_nl_dense_clutter_eval_dense_clutter.json,243,s2,neural,cbf,ok,False,s2_cbf,True,True,True,0.4957012812307593,6.681373444522314,74,0.21340608596801758,0.20660400390625,0.7019733329943847,False,,,,,,,,,True,True,True,True,1.0,0.20660400390625,0.4957012812307593,6.681373444522314,74,
benchmark_dualmp_nl_dense_clutter_eval_dense_clutter.json,244,s2,neural,cbf,ok,False,s2_cbf,True,True,True,0.4576750071822179,6.691355309890636,80,0.17185091972351074,0.15940308570861816,0.6384107920021052,False,,,,,,,,,True,True,True,True,1.0,0.15940308570861816,0.4576750071822179,6.691355309890636,80,
benchmark_dualmp_nl_dense_clutter_eval_dense_clutter.json,245,s2,neural,cbf,ok,False,s2_cbf,True,True,True,0.4902996585917438,6.795552804982893,72,0.21561717987060547,0.20876216888427734,0.6892297089943895,False,,,,,,,,,True,True,True,True,1.0,0.20876216888427734,0.4902996585917438,6.795552804982893,72,
benchmark_dualmp_nl_dense_clutter_eval_dense_clutter.json,246,s2,neural,cbf,ok,False,s2_cbf,True,True,True,0.49733223056085196,7.107548433197096,106,0.20264101028442383,0.19574403762817383,0.7081279170088237,False,,,,,,,,,True,True,True,True,1.0,0.19574403762817383,0.49733223056085196,7.107548433197096,106,
benchmark_dualmp_nl_dense_clutter_eval_dense_clutter.json,247,s2,neural,cbf,ok,False,s2_cbf,True,True,True,0.4596478035057832,6.774612611539366,84,0.15790081024169922,0.15111517906188965,0.6282073339971248,False,,,,,,,,,True,True,True,True,1.0,0.15111517906188965,0.4596478035057832,6.774612611539366,84,
benchmark_dualmp_nl_dense_clutter_eval_dense_clutter.json,248,s2,neural,cbf,ok,False,s2_cbf,False,False,True,0.4492397357967603,6.94728708418501,85,0.1800551414489746,0.17319107055664062,0.662930291990051,False,,,,,,,,,True,False,False,True,1.0,0.17319107055664062,0.4492397357967603,6.94728708418501,85,
benchmark_dualmp_nl_dense_clutter_eval_dense_clutter.json,249,s2,neural,cbf,ok,False,s2_cbf,False,False,True,0.470307213806718,6.650170011516621,82,0.19084382057189941,0.18425416946411133,0.6919858329929411,False,,,,,,,,,True,False,False,True,1.0,0.18425416946411133,0.470307213806718,6.650170011516621,82,
benchmark_dualmp_nl_dense_clutter_eval_dense_clutter.json,250,s2,neural,cbf,ok,False,s2_cbf,True,True,True,0.47734095184994946,6.623278790907129,112,0.23962903022766113,0.23234915733337402,0.7110780420043739,False,,,,,,,,,True,True,True,True,1.0,0.23234915733337402,0.47734095184994946,6.623278790907129,112,
benchmark_dualmp_nl_dense_clutter_eval_dense_clutter.json,251,s2,neural,cbf,ok,False,s2_cbf,False,False,True,0.46899024552189494,6.665625892255763,75,0.19008111953735352,0.18303894996643066,0.6565423330030171,False,,,,,,,,,True,False,False,True,1.0,0.18303894996643066,0.46899024552189494,6.665625892255763,75,
benchmark_dualmp_nl_dense_clutter_eval_dense_clutter.json,252,s2,neural,cbf,ok,False,s2_cbf,True,True,True,0.47838581065588165,7.449728239064841,101,0.18543219566345215,0.17867779731750488,0.6736731659912039,False,,,,,,,,,True,True,True,True,1.0,0.17867779731750488,0.47838581065588165,7.449728239064841,101,
benchmark_dualmp_nl_dense_clutter_eval_dense_clutter.json,253,s2,neural,cbf,ok,False,s2_cbf,True,True,True,0.49111325118730237,6.743559113069073,80,0.18468523025512695,0.17788982391357422,0.6851118750055321,False,,,,,,,,,True,True,True,True,1.0,0.17788982391357422,0.49111325118730237,6.743559113069073,80,
benchmark_dualmp_nl_dense_clutter_eval_dense_clutter.json,254,s2,neural,cbf,ok,False,s2_cbf,True,True,True,0.489000353146289,7.125749737350985,110,0.2433638572692871,0.2274181842803955,0.7588483750005253,False,,,,,,,,,True,True,True,True,1.0,0.2274181842803955,0.489000353146289,7.125749737350985,110,
benchmark_dualmp_nl_dense_clutter_eval_dense_clutter.json,255,s2,neural,cbf,ok,False,s2_cbf,False,False,True,0.47357824589706315,6.783271337650579,92,0.21397185325622559,0.20706820487976074,0.6998533339938149,False,,,,,,,,,True,False,False,True,1.0,0.20706820487976074,0.47357824589706315,6.783271337650579,92,
benchmark_dualmp_nl_dense_clutter_eval_dense_clutter.json,256,s2,neural,cbf,ok,False,s2_cbf,True,True,True,0.46825400661279154,6.63593501761521,100,0.19661903381347656,0.1898200511932373,0.6667787920014234,False,,,,,,,,,True,True,True,True,1.0,0.1898200511932373,0.46825400661279154,6.63593501761521,100,
benchmark_dualmp_nl_dense_clutter_eval_dense_clutter.json,257,s2,neural,cbf,ok,False,s2_cbf,True,True,True,0.47615876850531996,7.435596618211479,111,0.22022223472595215,0.21335625648498535,0.7047357080009533,False,,,,,,,,,True,True,True,True,1.0,0.21335625648498535,0.47615876850531996,7.435596618211479,111,
benchmark_dualmp_nl_dense_clutter_eval_dense_clutter.json,258,s2,neural,cbf,ok,False,s2_cbf,False,False,True,0.49409063230555605,6.722950617938173,78,0.19125580787658691,0.1844780445098877,0.684178665993386,False,,,,,,,,,True,False,False,True,1.0,0.1844780445098877,0.49409063230555605,6.722950617938173,78,
benchmark_dualmp_nl_dense_clutter_eval_dense_clutter.json,259,s2,neural,cbf,ok,False,s2_cbf,True,True,True,0.43279082108438544,6.7012470078840725,75,0.18580102920532227,0.1789228916168213,0.6932733749999898,False,,,,,,,,,True,True,True,True,1.0,0.1789228916168213,0.43279082108438544,6.7012470078840725,75,
benchmark_dualmp_nl_dense_clutter_eval_dense_clutter.json,260,s2,neural,cbf,ok,False,s2_cbf,True,True,True,0.4916461112312424,6.67241944598344,114,0.20877909660339355,0.2019519805908203,0.734392124999431,False,,,,,,,,,True,True,True,True,1.0,0.2019519805908203,0.4916461112312424,6.67241944598344,114,
benchmark_dualmp_nl_dense_clutter_eval_dense_clutter.json,261,s2,neural,cbf,ok,False,s2_cbf,True,True,True,0.49908701628490226,6.713409282039907,84,0.16557693481445312,0.15851497650146484,0.6241267079894897,False,,,,,,,,,True,True,True,True,1.0,0.15851497650146484,0.49908701628490226,6.713409282039907,84,
benchmark_dualmp_nl_dense_clutter_eval_dense_clutter.json,262,s2,neural,cbf,ok,False,s2_cbf,True,True,True,0.46954278495777546,6.8171456770277175,77,0.20128703117370605,0.19445395469665527,0.6796000419999473,False,,,,,,,,,True,True,True,True,1.0,0.19445395469665527,0.46954278495777546,6.8171456770277175,77,
benchmark_dualmp_nl_dense_clutter_eval_dense_clutter.json,263,s2,neural,cbf,ok,False,s2_cbf,True,True,True,0.46842845017409296,7.399886283549227,140,0.23469972610473633,0.2278149127960205,0.7561463340098271,False,,,,,,,,,True,True,True,True,1.0,0.2278149127960205,0.46842845017409296,7.399886283549227,140,
benchmark_dualmp_nl_dense_clutter_eval_dense_clutter.json,264,s2,neural,cbf,ok,False,s2_cbf,True,True,True,0.47906289385376327,6.748829151860525,83,0.16764116287231445,0.160888671875,0.6387882080016425,False,,,,,,,,,True,True,True,True,1.0,0.160888671875,0.47906289385376327,6.748829151860525,83,
benchmark_dualmp_nl_dense_clutter_eval_dense_clutter.json,265,s2,neural,cbf,ok,False,s2_cbf,True,True,True,0.46125827230968786,6.6612323233668045,100,0.187669038772583,0.18092679977416992,0.6645732920005685,False,,,,,,,,,True,True,True,True,1.0,0.18092679977416992,0.46125827230968786,6.6612323233668045,100,
benchmark_dualmp_nl_dense_clutter_eval_dense_clutter.json,266,s2,neural,cbf,ok,False,s2_cbf,True,True,True,0.4691581727070366,6.715181104065224,77,0.18807387351989746,0.1812000274658203,0.6679199589998461,False,,,,,,,,,True,True,True,True,1.0,0.1812000274658203,0.4691581727070366,6.715181104065224,77,
benchmark_dualmp_nl_dense_clutter_eval_dense_clutter.json,267,s2,neural,cbf,ok,False,s2_cbf,True,True,True,0.4773868117340912,7.1291403427800955,105,0.19829678535461426,0.19142508506774902,0.6762856249988545,False,,,,,,,,,True,True,True,True,1.0,0.19142508506774902,0.4773868117340912,7.1291403427800955,105,
benchmark_dualmp_nl_dense_clutter_eval_dense_clutter.json,268,s2,neural,cbf,ok,False,s2_cbf,True,True,True,0.4923466496761173,6.701252260387874,84,0.18953704833984375,0.18258285522460938,0.6912995000020601,False,,,,,,,,,True,True,True,True,1.0,0.18258285522460938,0.4923466496761173,6.701252260387874,84,
benchmark_dualmp_nl_dense_clutter_eval_dense_clutter.json,269,s2,neural,cbf,ok,False,s2_cbf,True,True,True,0.4882805712263668,6.895300710531004,139,0.27764892578125,0.270751953125,0.7545919999975013,False,,,,,,,,,True,True,True,True,1.0,0.270751953125,0.4882805712263668,6.895300710531004,139,
benchmark_dualmp_nl_dense_clutter_eval_dense_clutter.json,270,s2,neural,cbf,ok,False,s2_cbf,True,True,True,0.44785714928363,6.802595324113487,75,0.19973111152648926,0.19288396835327148,0.6735460000054445,False,,,,,,,,,True,True,True,True,1.0,0.19288396835327148,0.44785714928363,6.802595324113487,75,
benchmark_dualmp_nl_dense_clutter_eval_dense_clutter.json,271,s2,neural,cbf,ok,False,s2_cbf,True,True,True,0.4447380273184785,6.716841025625534,80,0.1663370132446289,0.1593017578125,0.6274303329992108,False,,,,,,,,,True,True,True,True,1.0,0.1593017578125,0.4447380273184785,6.716841025625534,80,
benchmark_dualmp_nl_dense_clutter_eval_dense_clutter.json,272,s2,neural,cbf,ok,False,s2_cbf,False,False,True,0.47448139470277023,6.805040491295549,91,0.20520424842834473,0.19778084754943848,0.6732616670051357,False,,,,,,,,,True,False,False,True,1.0,0.19778084754943848,0.47448139470277023,6.805040491295549,91,
benchmark_dualmp_nl_dense_clutter_eval_dense_clutter.json,273,s2,neural,cbf,ok,False,s2_cbf,False,False,True,0.4826410169107512,6.634139869319015,80,0.1696178913116455,0.16291213035583496,0.6855343339993851,False,,,,,,,,,True,False,False,True,1.0,0.16291213035583496,0.4826410169107512,6.634139869319015,80,
benchmark_dualmp_nl_dense_clutter_eval_dense_clutter.json,274,s2,neural,cbf,ok,False,s2_cbf,True,True,True,0.4377660156865601,6.85252780652716,85,0.24483585357666016,0.23804903030395508,0.7327094999927795,False,,,,,,,,,True,True,True,True,1.0,0.23804903030395508,0.4377660156865601,6.85252780652716,85,
benchmark_dualmp_nl_dense_clutter_eval_dense_clutter.json,275,s2,neural,cbf,ok,False,s2_cbf,False,False,True,0.44901592999034684,7.0045832800191405,111,0.21373510360717773,0.20686674118041992,0.6866282499977387,False,,,,,,,,,True,False,False,True,1.0,0.20686674118041992,0.44901592999034684,7.0045832800191405,111,
benchmark_dualmp_nl_dense_clutter_eval_dense_clutter.json,276,s2,neural,cbf,ok,False,s2_cbf,True,True,True,0.45906292369278406,6.812177742453241,80,0.19463229179382324,0.18786191940307617,0.6873246670002118,False,,,,,,,,,True,True,True,True,1.0,0.18786191940307617,0.45906292369278406,6.812177742453241,80,
benchmark_dualmp_nl_dense_clutter_eval_dense_clutter.json,277,s2,neural,cbf,ok,False,s2_cbf,True,True,True,0.43254288349139486,6.884322983038827,76,0.23027515411376953,0.22342395782470703,0.7141943340102443,False,,,,,,,,,True,True,True,True,1.0,0.22342395782470703,0.43254288349139486,6.884322983038827,76,
benchmark_dualmp_nl_dense_clutter_eval_dense_clutter.json,278,s2,neural,cbf,ok,False,s2_cbf,False,False,True,0.47839668113227474,6.651560741518738,92,0.192551851272583,0.18556809425354004,0.670271082999534,False,,,,,,,,,True,False,False,True,1.0,0.18556809425354004,0.47839668113227474,6.651560741518738,92,
benchmark_dualmp_nl_dense_clutter_eval_dense_clutter.json,279,s2,neural,cbf,ok,False,s2_cbf,False,False,True,0.4510081847146206,6.654228091129938,100,0.1959540843963623,0.18901777267456055,0.7256118329969468,False,,,,,,,,,True,False,False,True,1.0,0.18901777267456055,0.4510081847146206,6.654228091129938,100,
benchmark_dualmp_nl_dense_clutter_eval_dense_clutter.json,280,s2,neural,cbf,ok,False,s2_cbf,True,True,True,0.4589507991136612,6.7239016809395675,92,0.21481609344482422,0.2080550193786621,0.6956564169959165,False,,,,,,,,,True,True,True,True,1.0,0.2080550193786621,0.4589507991136612,6.7239016809395675,92,
benchmark_dualmp_nl_dense_clutter_eval_dense_clutter.json,281,s2,neural,cbf,ok,False,s2_cbf,True,True,True,0.4578874603698643,6.867645245566828,88,0.20966506004333496,0.20276403427124023,0.6820011250092648,False,,,,,,,,,True,True,True,True,1.0,0.20276403427124023,0.4578874603698643,6.867645245566828,88,
benchmark_dualmp_nl_dense_clutter_eval_dense_clutter.json,282,s2,neural,cbf,ok,False,s2_cbf,True,True,True,0.4849697899533414,6.9907533080171085,103,0.2054119110107422,0.19856500625610352,0.6986179999948945,False,,,,,,,,,True,True,True,True,1.0,0.19856500625610352,0.4849697899533414,6.9907533080171085,103,
benchmark_dualmp_nl_dense_clutter_eval_dense_clutter.json,283,s2,neural,cbf,ok,False,s2_cbf,True,True,True,0.47579547773810166,6.879910638182589,76,0.1817018985748291,0.1749439239501953,0.6492947500082664,False,,,,,,,,,True,True,True,True,1.0,0.1749439239501953,0.47579547773810166,6.879910638182589,76,
benchmark_dualmp_nl_dense_clutter_eval_dense_clutter.json,284,s2,neural,cbf,ok,False,s2_cbf,False,False,True,0.4528461359171975,6.782180591657291,98,0.21183204650878906,0.20491409301757812,0.7075523340026848,False,,,,,,,,,True,False,False,True,1.0,0.20491409301757812,0.4528461359171975,6.782180591657291,98,
benchmark_dualmp_nl_dense_clutter_eval_dense_clutter.json,285,s2,neural,cbf,ok,False,s2_cbf,True,True,True,0.49621065148446947,6.893103887385174,88,0.19966411590576172,0.1927201747894287,0.6838431250071153,False,,,,,,,,,True,True,True,True,1.0,0.1927201747894287,0.49621065148446947,6.893103887385174,88,
benchmark_dualmp_nl_dense_clutter_eval_dense_clutter.json,286,s2,neural,cbf,ok,False,s2_cbf,True,True,True,0.4758563292704388,6.737861301642891,84,0.16339707374572754,0.15652894973754883,0.642185167002026,False,,,,,,,,,True,True,True,True,1.0,0.15652894973754883,0.4758563292704388,6.737861301642891,84,
benchmark_dualmp_nl_dense_clutter_eval_dense_clutter.json,287,s2,neural,cbf,ok,False,s2_cbf,True,True,True,0.48954564675568746,6.641551942547335,90,0.19314002990722656,0.186309814453125,0.7186227909987792,False,,,,,,,,,True,True,True,True,1.0,0.186309814453125,0.48954564675568746,6.641551942547335,90,
benchmark_dualmp_nl_dense_clutter_eval_dense_clutter.json,288,s2,neural,cbf,ok,False,s2_cbf,True,True,True,0.4506360014117655,7.100270849757997,97,0.1959228515625,0.1892402172088623,0.6933400830021128,False,,,,,,,,,True,True,True,True,1.0,0.1892402172088623,0.4506360014117655,7.100270849757997,97,
benchmark_dualmp_nl_dense_clutter_eval_dense_clutter.json,289,s2,neural,cbf,ok,False,s2_cbf,True,True,True,0.490528552037055,7.637472630927839,140,0.22730708122253418,0.22060298919677734,0.7047759170091012,False,,,,,,,,,True,True,True,True,1.0,0.22060298919677734,0.490528552037055,7.637472630927839,140,
benchmark_dualmp_nl_dense_clutter_eval_dense_clutter.json,290,s2,neural,cbf,ok,False,s2_cbf,True,True,True,0.47938282867346943,7.063084561465695,97,0.1961040496826172,0.18930578231811523,0.6969578330026707,False,,,,,,,,,True,True,True,True,1.0,0.18930578231811523,0.47938282867346943,7.063084561465695,97,
benchmark_dualmp_nl_dense_clutter_eval_dense_clutter.json,291,s2,neural,cbf,ok,False,s2_cbf,False,False,True,0.4981202269187211,6.703916424322557,73,0.18661212921142578,0.17997217178344727,0.6698086250107735,False,,,,,,,,,True,False,False,True,1.0,0.17997217178344727,0.4981202269187211,6.703916424322557,73,
benchmark_dualmp_nl_dense_clutter_eval_dense_clutter.json,292,s2,neural,cbf,ok,False,s2_cbf,False,False,True,0.4600355010032131,6.943538261460451,106,0.19502496719360352,0.18837523460388184,0.6917079999984708,False,,,,,,,,,True,False,False,True,1.0,0.18837523460388184,0.4600355010032131,6.943538261460451,106,
benchmark_dualmp_nl_dense_clutter_eval_dense_clutter.json,293,s2,neural,cbf,ok,False,s2_cbf,False,False,True,0.4630392577572655,7.0271036969522545,106,0.24518203735351562,0.2383441925048828,0.7223992079962045,False,,,,,,,,,True,False,False,True,1.0,0.2383441925048828,0.4630392577572655,7.0271036969522545,106,
benchmark_dualmp_nl_dense_clutter_eval_dense_clutter.json,294,s2,neural,cbf,ok,False,s2_cbf,False,False,True,0.4582576618418899,7.077714644084141,94,0.2012171745300293,0.1943950653076172,0.6848056250018999,False,,,,,,,,,True,False,False,True,1.0,0.1943950653076172,0.4582576618418899,7.077714644084141,94,
benchmark_dualmp_nl_dense_clutter_eval_dense_clutter.json,295,s2,neural,cbf,ok,False,s2_cbf,True,True,True,0.48428534086551883,6.672479763527033,85,0.19727396965026855,0.1903841495513916,0.691173915998661,False,,,,,,,,,True,True,True,True,1.0,0.1903841495513916,0.48428534086551883,6.672479763527033,85,
benchmark_dualmp_nl_dense_clutter_eval_dense_clutter.json,296,s2,neural,cbf,ok,False,s2_cbf,False,False,True,0.478906862019837,6.813294916684853,82,0.20254015922546387,0.1957392692565918,0.6831399579969002,False,,,,,,,,,True,False,False,True,1.0,0.1957392692565918,0.478906862019837,6.813294916684853,82,
benchmark_dualmp_nl_dense_clutter_eval_dense_clutter.json,297,s2,neural,cbf,ok,False,s2_cbf,True,True,True,0.4885965877660452,6.8771649229062195,91,0.18968987464904785,0.1827220916748047,0.6783683329995256,False,,,,,,,,,True,True,True,True,1.0,0.1827220916748047,0.4885965877660452,6.8771649229062195,91,
benchmark_dualmp_nl_dense_clutter_eval_dense_clutter.json,298,s2,neural,cbf,ok,False,s2_cbf,True,True,True,0.4713653429214065,6.97313635742248,97,0.20866894721984863,0.20179104804992676,0.6795591249974677,False,,,,,,,,,True,True,True,True,1.0,0.20179104804992676,0.4713653429214065,6.97313635742248,97,
benchmark_dualmp_nl_dense_clutter_eval_dense_clutter.json,299,s2,neural,cbf,ok,False,s2_cbf,True,True,True,0.49211066104210266,6.8944663056027204,92,0.22236990928649902,0.2154998779296875,0.7020852499990724,False,,,,,,,,,True,True,True,True,1.0,0.2154998779296875,0.49211066104210266,6.8944663056027204,92,
benchmark_dualmp_nl_dense_clutter_eval_dense_clutter.json,300,s2,neural,cbf,ok,False,s2_cbf,True,True,True,0.4864647973148105,6.769538095281383,80,0.17644309997558594,0.16926121711730957,0.6667431659880094,False,,,,,,,,,True,True,True,True,1.0,0.16926121711730957,0.4864647973148105,6.769538095281383,80,
benchmark_dualmp_nl_dense_clutter_eval_dense_clutter.json,301,s2,neural,cbf,ok,False,s2_cbf,True,True,True,0.4904166889874942,6.772285031793436,83,0.17284417152404785,0.16541504859924316,0.6482103330054088,False,,,,,,,,,True,True,True,True,1.0,0.16541504859924316,0.4904166889874942,6.772285031793436,83,
benchmark_dualmp_nl_dense_clutter_eval_dense_clutter.json,302,s2,neural,cbf,ok,False,s2_cbf,True,True,True,0.4818743272855279,6.7390338975857285,103,0.19669413566589355,0.18993306159973145,0.6798046250041807,False,,,,,,,,,True,True,True,True,1.0,0.18993306159973145,0.4818743272855279,6.7390338975857285,103,
benchmark_dualmp_nl_dense_clutter_eval_dense_clutter.json,303,s2,neural,cbf,ok,False,s2_cbf,False,False,True,0.4558676758809231,6.7016204164263184,85,0.21220183372497559,0.20512795448303223,0.6901250420050928,False,,,,,,,,,True,False,False,True,1.0,0.20512795448303223,0.4558676758809231,6.7016204164263184,85,
benchmark_dualmp_nl_dense_clutter_eval_dense_clutter.json,304,s2,neural,cbf,ok,False,s2_cbf,True,True,True,0.4801386922543467,6.679859849489949,73,0.1657400131225586,0.1588296890258789,0.6348833329975605,False,,,,,,,,,True,True,True,True,1.0,0.1588296890258789,0.4801386922543467,6.679859849489949,73,
benchmark_dualmp_nl_dense_clutter_eval_dense_clutter.json,305,s2,neural,cbf,ok,False,s2_cbf,True,True,True,0.4771132451689595,6.8186482026711746,84,0.19679617881774902,0.1900160312652588,0.6672139580041403,False,,,,,,,,,True,True,True,True,1.0,0.1900160312652588,0.4771132451689595,6.8186482026711746,84,
benchmark_dualmp_nl_dense_clutter_eval_dense_clutter.json,306,s2,neural,cbf,ok,False,s2_cbf,True,True,True,0.4827539168371706,6.888844821972551,84,0.18720316886901855,0.18027591705322266,0.6968346670037135,False,,,,,,,,,True,True,True,True,1.0,0.18027591705322266,0.4827539168371706,6.888844821972551,84,
benchmark_dualmp_nl_dense_clutter_eval_dense_clutter.json,307,s2,neural,cbf,ok,False,s2_cbf,True,True,True,0.46689791657519536,6.837369757072777,94,0.17680597305297852,0.1701366901397705,0.6737615000020014,False,,,,,,,,,True,True,True,True,1.0,0.1701366901397705,0.46689791657519536,6.837369757072777,94,
benchmark_dualmp_nl_dense_clutter_eval_dense_clutter.json,308,s2,neural,cbf,ok,False,s2_cbf,True,True,True,0.46582752988500126,7.011613556557771,80,0.16993284225463867,0.16332507133483887,0.6353424590051873,False,,,,,,,,,True,True,True,True,1.0,0.16332507133483887,0.46582752988500126,7.011613556557771,80,
benchmark_dualmp_nl_dense_clutter_eval_dense_clutter.json,309,s2,neural,cbf,ok,False,s2_cbf,True,True,True,0.45974855200641845,6.689639345034164,114,0.22629094123840332,0.21939682960510254,0.7290574579965323,False,,,,,,,,,True,True,True,True,1.0,0.21939682960510254,0.45974855200641845,6.689639345034164,114,
benchmark_dualmp_nl_dense_clutter_eval_dense_clutter.json,310,s2,neural,cbf,ok,False,s2_cbf,True,True,True,0.4953091610007827,6.840302865764173,82,0.17312002182006836,0.16633105278015137,0.6668326250073733,False,,,,,,,,,True,True,True,True,1.0,0.16633105278015137,0.4953091610007827,6.840302865764173,82,
benchmark_dualmp_nl_dense_clutter_eval_dense_clutter.json,311,s2,neural,cbf,ok,False,s2_cbf,True,True,True,0.4929960578163523,6.910384007878404,83,0.1862320899963379,0.1792900562286377,0.6702640000003157,False,,,,,,,,,True,True,True,True,1.0,0.1792900562286377,0.4929960578163523,6.910384007878404,83,
benchmark_dualmp_nl_dense_clutter_eval_dense_clutter.json,312,s2,neural,cbf,ok,False,s2_cbf,True,True,True,0.4780032147395817,6.877991646568098,130,0.2183239459991455,0.21146702766418457,0.6931715829996392,False,,,,,,,,,True,True,True,True,1.0,0.21146702766418457,0.4780032147395817,6.877991646568098,130,
benchmark_dualmp_nl_dense_clutter_eval_dense_clutter.json,313,s2,neural,cbf,ok,False,s2_cbf,True,True,True,0.4727454440825185,6.725947398681875,75,0.13284778594970703,0.12611770629882812,0.6374746660003439,False,,,,,,,,,True,True,True,True,1.0,0.12611770629882812,0.4727454440825185,6.725947398681875,75,
benchmark_dualmp_nl_dense_clutter_eval_dense_clutter.json,314,s2,neural,cbf,ok,False,s2_cbf,False,False,True,0.4833794195663237,6.745488129144932,76,0.17790985107421875,0.17122197151184082,0.6497859999944922,False,,,,,,,,,True,False,False,True,1.0,0.17122197151184082,0.4833794195663237,6.745488129144932,76,
benchmark_dualmp_nl_dense_clutter_eval_dense_clutter.json,315,s2,neural,cbf,ok,False,s2_cbf,True,True,True,0.47759411827619797,6.877279267201199,102,0.2233119010925293,0.21638774871826172,0.6813240409974242,False,,,,,,,,,True,True,True,True,1.0,0.21638774871826172,0.47759411827619797,6.877279267201199,102,
benchmark_dualmp_nl_dense_clutter_eval_dense_clutter.json,316,s2,neural,cbf,ok,False,s2_cbf,False,False,True,0.4547380045670666,6.883057089760144,82,0.1620621681213379,0.1523120403289795,0.6313640419975854,False,,,,,,,,,True,False,False,True,1.0,0.1523120403289795,0.4547380045670666,6.883057089760144,82,
benchmark_dualmp_nl_dense_clutter_eval_dense_clutter.json,317,s2,neural,cbf,ok,False,s2_cbf,False,False,True,0.45204712578455014,6.760293414956108,94,0.20814275741577148,0.20131516456604004,0.6908085830073105,False,,,,,,,,,True,False,False,True,1.0,0.20131516456604004,0.45204712578455014,6.760293414956108,94,
benchmark_dualmp_nl_dense_clutter_eval_dense_clutter.json,318,s2,neural,cbf,ok,False,s2_cbf,True,True,True,0.441437637516613,6.851813966364958,87,0.16674089431762695,0.1599137783050537,0.6586982919980073,False,,,,,,,,,True,True,True,True,1.0,0.1599137783050537,0.441437637516613,6.851813966364958,87,
benchmark_dualmp_nl_dense_clutter_eval_dense_clutter.json,319,s2,neural,cbf,ok,False,s2_cbf,True,True,True,0.4579673428582084,6.761335132885559,81,0.1693110466003418,0.16242694854736328,0.6772232499934034,False,,,,,,,,,True,True,True,True,1.0,0.16242694854736328,0.4579673428582084,6.761335132885559,81,
benchmark_dualmp_nl_dense_clutter_eval_dense_clutter.json,320,s2,neural,cbf,ok,False,s2_cbf,False,False,True,0.4541266027092537,6.697540236391201,83,0.16369318962097168,0.15698003768920898,0.6527612500067335,False,,,,,,,,,True,False,False,True,1.0,0.15698003768920898,0.4541266027092537,6.697540236391201,83,
benchmark_dualmp_nl_dense_clutter_eval_dense_clutter.json,321,s2,neural,cbf,ok,False,s2_cbf,True,True,True,0.45795738922814144,6.761910844468766,82,0.16330504417419434,0.15645194053649902,0.66148162499303,False,,,,,,,,,True,True,True,True,1.0,0.15645194053649902,0.45795738922814144,6.761910844468766,82,
benchmark_dualmp_nl_dense_clutter_eval_dense_clutter.json,322,s2,neural,cbf,ok,False,s2_cbf,False,False,True,0.4785467085208623,6.721429476290215,97,0.24903297424316406,0.2421121597290039,0.7082903749978868,False,,,,,,,,,True,False,False,True,1.0,0.2421121597290039,0.4785467085208623,6.721429476290215,97,
benchmark_dualmp_nl_dense_clutter_eval_dense_clutter.json,323,s2,neural,cbf,ok,False,s2_cbf,True,True,True,0.49132169996861624,6.628323122501836,107,0.2325119972229004,0.22545599937438965,0.7192009580030572,False,,,,,,,,,True,True,True,True,1.0,0.22545599937438965,0.49132169996861624,6.628323122501836,107,
benchmark_dualmp_nl_dense_clutter_eval_dense_clutter.json,324,s2,neural,cbf,ok,False,s2_cbf,True,True,True,0.4575379599503494,6.817862081853962,76,0.1507582664489746,0.1438312530517578,0.6538849159987876,False,,,,,,,,,True,True,True,True,1.0,0.1438312530517578,0.4575379599503494,6.817862081853962,76,
benchmark_dualmp_nl_dense_clutter_eval_dense_clutter.json,325,s2,neural,cbf,ok,False,s2_cbf,True,True,True,0.4362630963645987,6.9334229202627675,77,0.19502902030944824,0.18810796737670898,0.6911931250069756,False,,,,,,,,,True,True,True,True,1.0,0.18810796737670898,0.4362630963645987,6.9334229202627675,77,
benchmark_dualmp_nl_dense_clutter_eval_dense_clutter.json,326,s2,neural,cbf,ok,False,s2_cbf,False,False,True,0.49801571567120606,6.739615007722269,115,0.19960403442382812,0.1927638053894043,0.6769009580020793,False,,,,,,,,,True,False,False,True,1.0,0.1927638053894043,0.49801571567120606,6.739615007722269,115,
benchmark_dualmp_nl_dense_clutter_eval_dense_clutter.json,327,s2,neural,cbf,ok,False,s2_cbf,True,True,True,0.4809714059989062,6.6566259718286,91,0.16907596588134766,0.16219282150268555,0.6583246249938384,False,,,,,,,,,True,True,True,True,1.0,0.16219282150268555,0.4809714059989062,6.6566259718286,91,
benchmark_dualmp_nl_dense_clutter_eval_dense_clutter.json,328,s2,neural,cbf,ok,False,s2_cbf,True,True,True,0.49176272524715936,6.874061630964468,104,0.237321138381958,0.23035192489624023,0.725304709005286,False,,,,,,,,,True,True,True,True,1.0,0.23035192489624023,0.49176272524715936,6.874061630964468,104,
benchmark_dualmp_nl_dense_clutter_eval_dense_clutter.json,329,s2,neural,cbf,ok,False,s2_cbf,True,True,True,0.43984868719582465,6.700114183891994,96,0.2079169750213623,0.2008378505706787,0.7051056249911198,False,,,,,,,,,True,True,True,True,1.0,0.2008378505706787,0.43984868719582465,6.700114183891994,96,
benchmark_dualmp_nl_dense_clutter_eval_dense_clutter.json,330,s2,neural,cbf,ok,False,s2_cbf,False,False,True,0.46364119195832204,6.684516052611995,97,0.22481012344360352,0.21780800819396973,0.7088846250117058,False,,,,,,,,,True,False,False,True,1.0,0.21780800819396973,0.46364119195832204,6.684516052611995,97,
benchmark_dualmp_nl_dense_clutter_eval_dense_clutter.json,331,s2,neural,cbf,ok,False,s2_cbf,False,False,True,0.47648142665520604,7.281844210468274,127,0.24000906944274902,0.23310494422912598,0.7529467920103343,False,,,,,,,,,True,False,False,True,1.0,0.23310494422912598,0.47648142665520604,7.281844210468274,127,
benchmark_dualmp_nl_dense_clutter_eval_dense_clutter.json,332,s2,neural,cbf,ok,False,s2_cbf,True,True,True,0.4805782745785187,6.770397555223696,74,0.18666386604309082,0.1797800064086914,0.6652267090103123,False,,,,,,,,,True,True,True,True,1.0,0.1797800064086914,0.4805782745785187,6.770397555223696,74,
benchmark_dualmp_nl_dense_clutter_eval_dense_clutter.json,333,s2,neural,cbf,ok,False,s2_cbf,True,True,True,0.48167292949874,6.631217109019227,90,0.1873018741607666,0.18066120147705078,0.6658581249939743,False,,,,,,,,,True,True,True,True,1.0,0.18066120147705078,0.48167292949874,6.631217109019227,90,
benchmark_dualmp_nl_dense_clutter_eval_dense_clutter.json,334,s2,neural,cbf,ok,False,s2_cbf,True,True,True,0.4740469347499442,6.733136321669339,86,0.21398711204528809,0.2072608470916748,0.7173697919934057,False,,,,,,,,,True,True,True,True,1.0,0.2072608470916748,0.4740469347499442,6.733136321669339,86,
benchmark_dualmp_nl_dense_clutter_eval_dense_clutter.json,335,s2,neural,cbf,ok,False,s2_cbf,True,True,True,0.4979207891661961,6.7406120635951225,95,0.19128012657165527,0.1842498779296875,0.6610790840059053,False,,,,,,,,,True,True,True,True,1.0,0.1842498779296875,0.4979207891661961,6.7406120635951225,95,
benchmark_dualmp_nl_dense_clutter_eval_dense_clutter.json,336,s2,neural,cbf,ok,False,s2_cbf,True,True,True,0.49642080611375466,7.133924922251974,86,0.21380996704101562,0.20685505867004395,0.6875979580072453,False,,,,,,,,,True,True,True,True,1.0,0.20685505867004395,0.49642080611375466,7.133924922251974,86,
benchmark_dualmp_nl_dense_clutter_eval_dense_clutter.json,337,s2,neural,cbf,ok,False,s2_cbf,True,True,True,0.45077726710823457,6.771261038444438,79,0.1946849822998047,0.18771719932556152,0.677710499992827,False,,,,,,,,,True,True,True,True,1.0,0.18771719932556152,0.45077726710823457,6.771261038444438,79,
benchmark_dualmp_nl_dense_clutter_eval_dense_clutter.json,338,s2,neural,cbf,ok,False,s2_cbf,True,True,True,0.4355518081166444,6.79809849017789,87,0.21445322036743164,0.20756196975708008,0.6924970840045717,False,,,,,,,,,True,True,True,True,1.0,0.20756196975708008,0.4355518081166444,6.79809849017789,87,
benchmark_dualmp_nl_dense_clutter_eval_dense_clutter.json,339,s2,neural,cbf,ok,False,s2_cbf,True,True,True,0.4835794511703754,6.808121949401249,92,0.1947929859161377,0.18795490264892578,0.6680392499984009,False,,,,,,,,,True,True,True,True,1.0,0.18795490264892578,0.4835794511703754,6.808121949401249,92,
benchmark_dualmp_nl_dense_clutter_eval_dense_clutter.json,340,s2,neural,cbf,ok,False,s2_cbf,False,False,True,0.4587944847434729,6.66403640966063,83,0.18958497047424316,0.18276619911193848,0.6742260419996455,False,,,,,,,,,True,False,False,True,1.0,0.18276619911193848,0.4587944847434729,6.66403640966063,83,
benchmark_dualmp_nl_dense_clutter_eval_dense_clutter.json,341,s2,neural,cbf,ok,False,s2_cbf,True,True,True,0.49869935543090227,7.1484541544065205,135,0.2627747058868408,0.25604987144470215,0.7441925419989275,False,,,,,,,,,True,True,True,True,1.0,0.25604987144470215,0.49869935543090227,7.1484541544065205,135,
benchmark_dualmp_nl_dense_clutter_eval_dense_clutter.json,342,s2,neural,cbf,ok,False,s2_cbf,True,True,True,0.46396824122820624,6.815893457486169,97,0.24625205993652344,0.2393481731414795,0.7038961250073044,False,,,,,,,,,True,True,True,True,1.0,0.2393481731414795,0.46396824122820624,6.815893457486169,97,
benchmark_dualmp_nl_dense_clutter_eval_dense_clutter.json,343,s2,neural,cbf,ok,False,s2_cbf,True,True,True,0.434039505016609,6.7500728682683775,81,0.21546292304992676,0.2086949348449707,0.6872374999948079,False,,,,,,,,,True,True,True,True,1.0,0.2086949348449707,0.434039505016609,6.7500728682683775,81,
benchmark_dualmp_nl_dense_clutter_eval_dense_clutter.json,344,s2,neural,cbf,ok,False,s2_cbf,False,False,True,0.46423489765674875,7.019675769599062,86,0.19385504722595215,0.18708086013793945,0.6931582079996588,False,,,,,,,,,True,False,False,True,1.0,0.18708086013793945,0.46423489765674875,7.019675769599062,86,
benchmark_dualmp_nl_dense_clutter_eval_dense_clutter.json,345,s2,neural,cbf,ok,False,s2_cbf,True,True,True,0.4557173615597784,6.762044959867485,78,0.1808011531829834,0.1737978458404541,0.670666916994378,False,,,,,,,,,True,True,True,True,1.0,0.1737978458404541,0.4557173615597784,6.762044959867485,78,
benchmark_dualmp_nl_dense_clutter_eval_dense_clutter.json,346,s2,neural,cbf,ok,False,s2_cbf,False,False,True,0.44837026549036346,7.111699987521631,102,0.1972367763519287,0.19054293632507324,0.7038134169997647,False,,,,,,,,,True,False,False,True,1.0,0.19054293632507324,0.44837026549036346,7.111699987521631,102,
benchmark_dualmp_nl_dense_clutter_eval_dense_clutter.json,347,s2,neural,cbf,ok,False,s2_cbf,True,True,True,0.47289000908954515,6.694246594149137,105,0.20903968811035156,0.20220494270324707,0.6909195409971289,False,,,,,,,,,True,True,True,True,1.0,0.20220494270324707,0.47289000908954515,6.694246594149137,105,
benchmark_dualmp_nl_dense_clutter_eval_dense_clutter.json,348,s2,neural,cbf,ok,False,s2_cbf,False,False,True,0.4399381069870348,6.7778976830004565,83,0.18525195121765137,0.1784670352935791,0.6847234169981675,False,,,,,,,,,True,False,False,True,1.0,0.1784670352935791,0.4399381069870348,6.7778976830004565,83,
benchmark_dualmp_nl_dense_clutter_eval_dense_clutter.json,349,s2,neural,cbf,ok,False,s2_cbf,True,True,True,0.4580834746948863,7.022104512836769,83,0.1895771026611328,0.1827242374420166,0.6562918330018874,False,,,,,,,,,True,True,True,True,1.0,0.1827242374420166,0.4580834746948863,7.022104512836769,83,
benchmark_dualmp_nl_dense_clutter_eval_dense_clutter.json,350,s2,neural,cbf,ok,False,s2_cbf,True,True,True,0.4769036845890018,6.693048682633275,75,0.1976308822631836,0.19084405899047852,0.6988928749924526,False,,,,,,,,,True,True,True,True,1.0,0.19084405899047852,0.4769036845890018,6.693048682633275,75,
benchmark_dualmp_nl_dense_clutter_eval_dense_clutter.json,351,s2,neural,cbf,ok,False,s2_cbf,True,True,True,0.48296031205400153,6.770737654033517,79,0.17226386070251465,0.16558218002319336,0.6446423750021495,False,,,,,,,,,True,True,True,True,1.0,0.16558218002319336,0.48296031205400153,6.770737654033517,79,
benchmark_dualmp_nl_dense_clutter_eval_dense_clutter.json,352,s2,neural,cbf,ok,False,s2_cbf,True,True,True,0.45390903522476383,7.073448827106212,107,0.1885237693786621,0.18180298805236816,0.6739023340051062,False,,,,,,,,,True,True,True,True,1.0,0.18180298805236816,0.45390903522476383,7.073448827106212,107,
benchmark_dualmp_nl_dense_clutter_eval_dense_clutter.json,353,s2,neural,cbf,ok,False,s2_cbf,True,True,True,0.46182462176618877,6.6809757476313125,108,0.23723888397216797,0.23026013374328613,0.7229955420043552,False,,,,,,,,,True,True,True,True,1.0,0.23026013374328613,0.46182462176618877,6.6809757476313125,108,
benchmark_dualmp_nl_dense_clutter_eval_dense_clutter.json,354,s2,neural,cbf,ok,False,s2_cbf,True,True,True,0.44623125560309734,6.828377379408836,94,0.23344683647155762,0.22666096687316895,0.701454708003439,False,,,,,,,,,True,True,True,True,1.0,0.22666096687316895,0.44623125560309734,6.828377379408836,94,
benchmark_dualmp_nl_dense_clutter_eval_dense_clutter.json,355,s2,neural,cbf,ok,False,s2_cbf,False,False,True,0.48269664263995243,6.831961829114429,86,0.21091294288635254,0.20396018028259277,0.7091815000021597,False,,,,,,,,,True,False,False,True,1.0,0.20396018028259277,0.48269664263995243,6.831961829114429,86,
benchmark_dualmp_nl_dense_clutter_eval_dense_clutter.json,356,s2,neural,cbf,ok,False,s2_cbf,False,False,True,0.42391822401228463,6.715146110848405,79,0.18211984634399414,0.17541003227233887,0.6679666249983711,False,,,,,,,,,True,False,False,True,1.0,0.17541003227233887,0.42391822401228463,6.715146110848405,79,
benchmark_dualmp_nl_dense_clutter_eval_dense_clutter.json,357,s2,neural,cbf,ok,False,s2_cbf,False,False,True,0.4566109652961713,6.8172200881677325,92,0.20584607124328613,0.19881606101989746,0.7033660839952063,False,,,,,,,,,True,False,False,True,1.0,0.19881606101989746,0.4566109652961713,6.8172200881677325,92,
benchmark_dualmp_nl_dense_clutter_eval_dense_clutter.json,358,s2,neural,cbf,ok,False,s2_cbf,False,False,True,0.4707579378279516,7.112192692389417,149,0.2563450336456299,0.24961018562316895,0.7457451669906732,False,,,,,,,,,True,False,False,True,1.0,0.24961018562316895,0.4707579378279516,7.112192692389417,149,
benchmark_dualmp_nl_dense_clutter_eval_dense_clutter.json,359,s2,neural,cbf,ok,False,s2_cbf,True,True,True,0.46186355382411853,6.720366355083647,103,0.2297220230102539,0.22289109230041504,0.7116689999966184,False,,,,,,,,,True,True,True,True,1.0,0.22289109230041504,0.46186355382411853,6.720366355083647,103,
benchmark_dualmp_nl_dense_clutter_eval_dense_clutter.json,360,s2,neural,cbf,ok,False,s2_cbf,False,False,True,0.4343131695996658,7.101552395907514,90,0.17546391487121582,0.16871881484985352,0.6651927920029266,False,,,,,,,,,True,False,False,True,1.0,0.16871881484985352,0.4343131695996658,7.101552395907514,90,
benchmark_dualmp_nl_dense_clutter_eval_dense_clutter.json,361,s2,neural,cbf,ok,False,s2_cbf,True,True,True,0.4853980665066446,6.963013491510342,103,0.18469500541687012,0.1779787540435791,0.6941459999943618,False,,,,,,,,,True,True,True,True,1.0,0.1779787540435791,0.4853980665066446,6.963013491510342,103,
benchmark_dualmp_nl_dense_clutter_eval_dense_clutter.json,362,s2,neural,cbf,ok,False,s2_cbf,False,False,True,0.47788725306536955,6.854886307388754,85,0.19782710075378418,0.19092798233032227,0.6819068329932634,False,,,,,,,,,True,False,False,True,1.0,0.19092798233032227,0.47788725306536955,6.854886307388754,85,
benchmark_dualmp_nl_dense_clutter_eval_dense_clutter.json,363,s2,neural,cbf,ok,False,s2_cbf,True,True,True,0.45000792002117534,6.820451064578086,91,0.2168729305267334,0.21008610725402832,0.7328367090085521,False,,,,,,,,,True,True,True,True,1.0,0.21008610725402832,0.45000792002117534,6.820451064578086,91,
benchmark_dualmp_nl_dense_clutter_eval_dense_clutter.json,364,s2,neural,cbf,ok,False,s2_cbf,False,False,True,0.49855439953468944,6.606185720457426,101,0.18326187133789062,0.17648005485534668,0.6581952499982435,False,,,,,,,,,True,False,False,True,1.0,0.17648005485534668,0.49855439953468944,6.606185720457426,101,
benchmark_dualmp_nl_dense_clutter_eval_dense_clutter.json,365,s2,neural,cbf,ok,False,s2_cbf,True,True,True,0.4891017134793551,6.66226983310432,89,0.20689797401428223,0.20003008842468262,0.7006764169927919,False,,,,,,,,,True,True,True,True,1.0,0.20003008842468262,0.4891017134793551,6.66226983310432,89,
benchmark_dualmp_nl_dense_clutter_eval_dense_clutter.json,366,s2,neural,cbf,ok,False,s2_cbf,False,False,True,0.46207193251199363,6.735296110630142,80,0.18132472038269043,0.17445993423461914,0.6715870000043651,False,,,,,,,,,True,False,False,True,1.0,0.17445993423461914,0.46207193251199363,6.735296110630142,80,
benchmark_dualmp_nl_dense_clutter_eval_dense_clutter.json,367,s2,neural,cbf,ok,False,s2_cbf,True,True,True,0.44096096217615893,6.666286133312321,86,0.23083996772766113,0.22388195991516113,0.7179308330087224,False,,,,,,,,,True,True,True,True,1.0,0.22388195991516113,0.44096096217615893,6.666286133312321,86,
benchmark_dualmp_nl_dense_clutter_eval_dense_clutter.json,368,s2,neural,cbf,ok,False,s2_cbf,True,True,True,0.4966791818938234,6.681504082757287,90,0.22180485725402832,0.2149670124053955,0.7125474999920698,False,,,,,,,,,True,True,True,True,1.0,0.2149670124053955,0.4966791818938234,6.681504082757287,90,
benchmark_dualmp_nl_dense_clutter_eval_dense_clutter.json,369,s2,neural,cbf,ok,False,s2_cbf,True,True,True,0.48192025230390023,6.921735120562469,82,0.1859760284423828,0.17916297912597656,0.6552949579927372,False,,,,,,,,,True,True,True,True,1.0,0.17916297912597656,0.48192025230390023,6.921735120562469,82,
benchmark_dualmp_nl_dense_clutter_eval_dense_clutter.json,370,s2,neural,cbf,ok,False,s2_cbf,True,True,True,0.46495057862810346,6.72078827484681,83,0.18766283988952637,0.18080687522888184,0.6876411249977536,False,,,,,,,,,True,True,True,True,1.0,0.18080687522888184,0.46495057862810346,6.72078827484681,83,
benchmark_dualmp_nl_dense_clutter_eval_dense_clutter.json,371,s2,neural,cbf,ok,False,s2_cbf,False,False,True,0.4775861199330124,7.161237722418407,96,0.21187376976013184,0.2051084041595459,0.6905746249976801,False,,,,,,,,,True,False,False,True,1.0,0.2051084041595459,0.4775861199330124,7.161237722418407,96,
benchmark_dualmp_nl_dense_clutter_eval_dense_clutter.json,372,s2,neural,cbf,ok,False,s2_cbf,True,True,True,0.4740907825537107,6.765534963216075,98,0.1977379322052002,0.19086694717407227,0.6592370830039727,False,,,,,,,,,True,True,True,True,1.0,0.19086694717407227,0.4740907825537107,6.765534963216075,98,
benchmark_dualmp_nl_dense_clutter_eval_dense_clutter.json,373,s2,neural,cbf,ok,False,s2_cbf,False,False,True,0.49880207287059125,7.010372456640142,110,0.23065590858459473,0.22383570671081543,0.721553583003697,False,,,,,,,,,True,False,False,True,1.0,0.22383570671081543,0.49880207287059125,7.010372456640142,110,
benchmark_dualmp_nl_dense_clutter_eval_dense_clutter.json,374,s2,neural,cbf,ok,False,s2_cbf,True,True,True,0.4811889303262425,6.90331854872571,83,0.2005469799041748,0.1936321258544922,0.6910162080021109,False,,,,,,,,,True,True,True,True,1.0,0.1936321258544922,0.4811889303262425,6.90331854872571,83,
benchmark_dualmp_nl_dense_clutter_eval_dense_clutter.json,375,s2,neural,cbf,ok,False,s2_cbf,True,True,True,0.43231722596344585,6.754358813678946,74,0.17975592613220215,0.17297720909118652,0.6560331669898005,False,,,,,,,,,True,True,True,True,1.0,0.17297720909118652,0.43231722596344585,6.754358813678946,74,
benchmark_dualmp_nl_dense_clutter_eval_dense_clutter.json,376,s2,neural,cbf,ok,False,s2_cbf,True,True,True,0.47034897501480205,7.047770360138743,98,0.214019775390625,0.20713210105895996,0.7006990409863647,False,,,,,,,,,True,True,True,True,1.0,0.20713210105895996,0.47034897501480205,7.047770360138743,98,
benchmark_dualmp_nl_dense_clutter_eval_dense_clutter.json,377,s2,neural,cbf,ok,False,s2_cbf,True,True,True,0.4703886229150822,6.7038550088599544,118,0.23430395126342773,0.22763490676879883,0.7135962080064928,False,,,,,,,,,True,True,True,True,1.0,0.22763490676879883,0.4703886229150822,6.7038550088599544,118,
benchmark_dualmp_nl_dense_clutter_eval_dense_clutter.json,378,s2,neural,cbf,ok,False,s2_cbf,True,True,True,0.4426315880280122,6.871321668195356,83,0.19903302192687988,0.19201993942260742,0.6967315410001902,False,,,,,,,,,True,True,True,True,1.0,0.19201993942260742,0.4426315880280122,6.871321668195356,83,
benchmark_dualmp_nl_dense_clutter_eval_dense_clutter.json,379,s2,neural,cbf,ok,False,s2_cbf,True,True,True,0.46269517031608265,6.6944094443054665,118,0.21283626556396484,0.20597505569458008,0.6889210829976946,False,,,,,,,,,True,True,True,True,1.0,0.20597505569458008,0.46269517031608265,6.6944094443054665,118,
benchmark_dualmp_nl_dense_clutter_eval_dense_clutter.json,380,s2,neural,cbf,ok,False,s2_cbf,True,True,True,0.44192174086169395,6.8500981137689045,79,0.19450998306274414,0.18784189224243164,0.6787975829938659,False,,,,,,,,,True,True,True,True,1.0,0.18784189224243164,0.44192174086169395,6.8500981137689045,79,
benchmark_dualmp_nl_dense_clutter_eval_dense_clutter.json,381,s2,neural,cbf,ok,False,s2_cbf,True,True,True,0.4437052963691811,6.7817383028341585,81,0.15300416946411133,0.14594411849975586,0.6507367500016699,False,,,,,,,,,True,True,True,True,1.0,0.14594411849975586,0.4437052963691811,6.7817383028341585,81,
benchmark_dualmp_nl_dense_clutter_eval_dense_clutter.json,382,s2,neural,cbf,ok,False,s2_cbf,True,True,True,0.48522744643161636,6.952108821509796,104,0.21095871925354004,0.20414209365844727,0.6932026670110645,False,,,,,,,,,True,True,True,True,1.0,0.20414209365844727,0.48522744643161636,6.952108821509796,104,
benchmark_dualmp_nl_dense_clutter_eval_dense_clutter.json,383,s2,neural,cbf,ok,False,s2_cbf,False,False,True,0.4861547382120814,6.7257713919136854,99,0.2234787940979004,0.21682500839233398,0.6928792499966221,False,,,,,,,,,True,False,False,True,1.0,0.21682500839233398,0.4861547382120814,6.7257713919136854,99,
benchmark_dualmp_nl_dense_clutter_eval_dense_clutter.json,384,s2,neural,cbf,ok,False,s2_cbf,False,False,True,0.49354350672180736,6.858204354867164,77,0.17223715782165527,0.16541481018066406,0.6533185829903232,False,,,,,,,,,True,False,False,True,1.0,0.16541481018066406,0.49354350672180736,6.858204354867164,77,
benchmark_dualmp_nl_dense_clutter_eval_dense_clutter.json,385,s2,neural,cbf,ok,False,s2_cbf,True,True,True,0.4786248111023606,6.771553165769019,80,0.20684194564819336,0.19990897178649902,0.6879102090024389,False,,,,,,,,,True,True,True,True,1.0,0.19990897178649902,0.4786248111023606,6.771553165769019,80,
benchmark_dualmp_nl_dense_clutter_eval_dense_clutter.json,386,s2,neural,cbf,ok,False,s2_cbf,True,True,True,0.454595226739086,6.712770965507337,90,0.1802690029144287,0.17340326309204102,0.6709588340017945,False,,,,,,,,,True,True,True,True,1.0,0.17340326309204102,0.454595226739086,6.712770965507337,90,
benchmark_dualmp_nl_dense_clutter_eval_dense_clutter.json,387,s2,neural,cbf,ok,False,s2_cbf,False,False,True,0.4503040366218711,6.797060991892949,95,0.19628214836120605,0.1895449161529541,0.668389083002694,False,,,,,,,,,True,False,False,True,1.0,0.1895449161529541,0.4503040366218711,6.797060991892949,95,
benchmark_dualmp_nl_dense_clutter_eval_dense_clutter.json,388,s2,neural,cbf,ok,False,s2_cbf,False,False,True,0.48522130863356383,7.114704306065559,126,0.25675201416015625,0.24980688095092773,0.740677499998128,False,,,,,,,,,True,False,False,True,1.0,0.24980688095092773,0.48522130863356383,7.114704306065559,126,
benchmark_dualmp_nl_dense_clutter_eval_dense_clutter.json,389,s2,neural,cbf,ok,False,s2_cbf,True,True,True,0.46463964336836655,6.823519752560614,117,0.2615318298339844,0.2546851634979248,0.7352192079997621,False,,,,,,,,,True,True,True,True,1.0,0.2546851634979248,0.46463964336836655,6.823519752560614,117,
benchmark_dualmp_nl_dense_clutter_eval_dense_clutter.json,390,s2,neural,cbf,ok,False,s2_cbf,True,True,True,0.43431218540029265,6.7571267863859985,78,0.17401123046875,0.16730999946594238,0.6802229169989005,False,,,,,,,,,True,True,True,True,1.0,0.16730999946594238,0.43431218540029265,6.7571267863859985,78,
benchmark_dualmp_nl_dense_clutter_eval_dense_clutter.json,391,s2,neural,cbf,ok,False,s2_cbf,True,True,True,0.4750604033951389,6.831155604898766,76,0.1879432201385498,0.1809680461883545,0.6676870420051273,False,,,,,,,,,True,True,True,True,1.0,0.1809680461883545,0.4750604033951389,6.831155604898766,76,
benchmark_dualmp_nl_dense_clutter_eval_dense_clutter.json,392,s2,neural,cbf,ok,False,s2_cbf,False,False,True,0.46675100130406216,6.925966883462031,98,0.19298577308654785,0.1862790584564209,0.6553092079993803,False,,,,,,,,,True,False,False,True,1.0,0.1862790584564209,0.46675100130406216,6.925966883462031,98,
benchmark_dualmp_nl_dense_clutter_eval_dense_clutter.json,393,s2,neural,cbf,ok,False,s2_cbf,True,True,True,0.47459304161466775,6.917336889894764,86,0.20365381240844727,0.19674015045166016,0.6782630419911584,False,,,,,,,,,True,True,True,True,1.0,0.19674015045166016,0.47459304161466775,6.917336889894764,86,
benchmark_dualmp_nl_dense_clutter_eval_dense_clutter.json,394,s2,neural,cbf,ok,False,s2_cbf,False,False,True,0.43850435605995763,6.680954285251115,99,0.22021794319152832,0.21336007118225098,0.7081007080123527,False,,,,,,,,,True,False,False,True,1.0,0.21336007118225098,0.43850435605995763,6.680954285251115,99,
benchmark_dualmp_nl_dense_clutter_eval_dense_clutter.json,395,s2,neural,cbf,ok,False,s2_cbf,True,True,True,0.49980565226925533,7.044910915267214,103,0.20101404190063477,0.1941242218017578,0.7029705830063904,False,,,,,,,,,True,True,True,True,1.0,0.1941242218017578,0.49980565226925533,7.044910915267214,103,
benchmark_dualmp_nl_dense_clutter_eval_dense_clutter.json,396,s2,neural,cbf,ok,False,s2_cbf,True,True,True,0.4991730648295941,7.503355524445229,145,0.26056504249572754,0.25365495681762695,0.7619432919891551,False,,,,,,,,,True,True,True,True,1.0,0.25365495681762695,0.4991730648295941,7.503355524445229,145,
benchmark_dualmp_nl_dense_clutter_eval_dense_clutter.json,397,s2,neural,cbf,ok,False,s2_cbf,True,True,True,0.45053658423866094,6.777887933277444,86,0.19234895706176758,0.18544721603393555,0.6722339580010157,False,,,,,,,,,True,True,True,True,1.0,0.18544721603393555,0.45053658423866094,6.777887933277444,86,
benchmark_dualmp_nl_dense_clutter_eval_dense_clutter.json,398,s2,neural,cbf,ok,False,s2_cbf,True,True,True,0.49791094329575475,6.6305264389984515,123,0.22746014595031738,0.22075486183166504,0.7123259590007365,False,,,,,,,,,True,True,True,True,1.0,0.22075486183166504,0.49791094329575475,6.6305264389984515,123,
benchmark_dualmp_nl_dense_clutter_eval_dense_clutter.json,399,s2,neural,cbf,ok,False,s2_cbf,False,False,True,0.4832213984715755,6.704158582815277,93,0.20257902145385742,0.19573187828063965,0.6645382919959957,False,,,,,,,,,True,False,False,True,1.0,0.19573187828063965,0.4832213984715755,6.704158582815277,93,
benchmark_dualmp_nl_dense_clutter_eval_dense_clutter.json,400,s2,neural,cbf,ok,False,s2_cbf,True,True,True,0.47966372074376645,6.713528436594409,110,0.19826030731201172,0.19127488136291504,0.6941694999986794,False,,,,,,,,,True,True,True,True,1.0,0.19127488136291504,0.47966372074376645,6.713528436594409,110,
benchmark_dualmp_nl_dense_clutter_eval_dense_clutter.json,401,s2,neural,cbf,ok,False,s2_cbf,False,False,True,0.48438619904386776,6.865217433052897,79,0.14863991737365723,0.13569188117980957,0.6251544999977341,False,,,,,,,,,True,False,False,True,1.0,0.13569188117980957,0.48438619904386776,6.865217433052897,79,
benchmark_dualmp_nl_dense_clutter_eval_dense_clutter.json,402,s2,neural,cbf,ok,False,s2_cbf,False,False,True,0.46770775328232783,6.877975170116408,115,0.24781107902526855,0.24084186553955078,0.7363461669883691,False,,,,,,,,,True,False,False,True,1.0,0.24084186553955078,0.46770775328232783,6.877975170116408,115,
benchmark_dualmp_nl_dense_clutter_eval_dense_clutter.json,403,s2,neural,cbf,ok,False,s2_cbf,False,False,True,0.48226736303129997,6.769137100038447,111,0.21716928482055664,0.20995306968688965,0.709007790996111,False,,,,,,,,,True,False,False,True,1.0,0.20995306968688965,0.48226736303129997,6.769137100038447,111,
benchmark_dualmp_nl_dense_clutter_eval_dense_clutter.json,404,s2,neural,cbf,ok,False,s2_cbf,False,False,True,0.49559358283692634,6.803214115141663,80,0.1757352352142334,0.16890501976013184,0.6601977499958593,False,,,,,,,,,True,False,False,True,1.0,0.16890501976013184,0.49559358283692634,6.803214115141663,80,
benchmark_dualmp_nl_dense_clutter_eval_dense_clutter.json,405,s2,neural,cbf,ok,False,s2_cbf,False,False,True,0.47515525345087034,7.37637030480663,143,0.26964783668518066,0.2627570629119873,0.7337755829939852,False,,,,,,,,,True,False,False,True,1.0,0.2627570629119873,0.47515525345087034,7.37637030480663,143,
benchmark_dualmp_nl_dense_clutter_eval_dense_clutter.json,406,s2,neural,cbf,ok,False,s2_cbf,True,True,True,0.4394146215313978,6.858097535764662,73,0.17006516456604004,0.16317319869995117,0.6434027920040535,False,,,,,,,,,True,True,True,True,1.0,0.16317319869995117,0.4394146215313978,6.858097535764662,73,
benchmark_dualmp_nl_dense_clutter_eval_dense_clutter.json,407,s2,neural,cbf,ok,False,s2_cbf,True,True,True,0.45610939225461183,6.698656891643412,101,0.22667193412780762,0.2198948860168457,0.7012708330003079,False,,,,,,,,,True,True,True,True,1.0,0.2198948860168457,0.45610939225461183,6.698656891643412,101,
benchmark_dualmp_nl_dense_clutter_eval_dense_clutter.json,408,s2,neural,cbf,ok,False,s2_cbf,True,True,True,0.45182207272668995,7.010775024324396,93,0.2084190845489502,0.20157909393310547,0.7117316250078147,False,,,,,,,,,True,True,True,True,1.0,0.20157909393310547,0.45182207272668995,7.010775024324396,93,
benchmark_dualmp_nl_dense_clutter_eval_dense_clutter.json,409,s2,neural,cbf,ok,False,s2_cbf,True,True,True,0.4989444964670033,6.60285012543575,93,0.20416688919067383,0.19721603393554688,0.6772142080008052,False,,,,,,,,,True,True,True,True,1.0,0.19721603393554688,0.4989444964670033,6.60285012543575,93,
benchmark_dualmp_nl_dense_clutter_eval_dense_clutter.json,410,s2,neural,cbf,ok,False,s2_cbf,True,True,True,0.46533463858649293,6.934138357942035,81,0.16908907890319824,0.1623079776763916,0.6631293749960605,False,,,,,,,,,True,True,True,True,1.0,0.1623079776763916,0.46533463858649293,6.934138357942035,81,
benchmark_dualmp_nl_dense_clutter_eval_dense_clutter.json,411,s2,neural,cbf,ok,False,s2_cbf,False,False,True,0.46164926315265264,6.828773758395437,82,0.1914381980895996,0.18473386764526367,0.7017669159977231,False,,,,,,,,,True,False,False,True,1.0,0.18473386764526367,0.46164926315265264,6.828773758395437,82,
benchmark_dualmp_nl_dense_clutter_eval_dense_clutter.json,412,s2,neural,cbf,ok,False,s2_cbf,True,True,True,0.4591121433140586,6.8528234568728355,88,0.1960310935974121,0.18906903266906738,0.6743443329905858,False,,,,,,,,,True,True,True,True,1.0,0.18906903266906738,0.4591121433140586,6.8528234568728355,88,
benchmark_dualmp_nl_dense_clutter_eval_dense_clutter.json,413,s2,neural,cbf,ok,False,s2_cbf,True,True,True,0.45671812152989744,6.728851320601227,73,0.1459958553314209,0.13593697547912598,0.6143316249945201,False,,,,,,,,,True,True,True,True,1.0,0.13593697547912598,0.45671812152989744,6.728851320601227,73,
benchmark_dualmp_nl_dense_clutter_eval_dense_clutter.json,414,s2,neural,cbf,ok,False,s2_cbf,True,True,True,0.4347735804526794,6.702368184780999,82,0.20115017890930176,0.1943068504333496,0.6841145409998717,False,,,,,,,,,True,True,True,True,1.0,0.1943068504333496,0.4347735804526794,6.702368184780999,82,
benchmark_dualmp_nl_dense_clutter_eval_dense_clutter.json,415,s2,neural,cbf,ok,False,s2_cbf,True,True,True,0.48837496574687156,6.668746044837823,96,0.19849205017089844,0.1917257308959961,0.6859091670048656,False,,,,,,,,,True,True,True,True,1.0,0.1917257308959961,0.48837496574687156,6.668746044837823,96,
benchmark_dualmp_nl_dense_clutter_eval_dense_clutter.json,416,s2,neural,cbf,ok,False,s2_cbf,False,False,True,0.45428437883578376,6.811193922461077,96,0.20519185066223145,0.1984870433807373,0.7012195409915876,False,,,,,,,,,True,False,False,True,1.0,0.1984870433807373,0.45428437883578376,6.811193922461077,96,
benchmark_dualmp_nl_dense_clutter_eval_dense_clutter.json,417,s2,neural,cbf,ok,False,s2_cbf,False,False,True,0.4825727557523542,6.7822297274817585,83,0.19217872619628906,0.18545198440551758,0.6647034590132535,False,,,,,,,,,True,False,False,True,1.0,0.18545198440551758,0.4825727557523542,6.7822297274817585,83,
benchmark_dualmp_nl_dense_clutter_eval_dense_clutter.json,418,s2,neural,cbf,ok,False,s2_cbf,True,True,True,0.45361661091789357,6.763746506485801,80,0.16898894309997559,0.16223692893981934,0.6900227499863831,False,,,,,,,,,True,True,True,True,1.0,0.16223692893981934,0.45361661091789357,6.763746506485801,80,
benchmark_dualmp_nl_dense_clutter_eval_dense_clutter.json,419,s2,neural,cbf,ok,False,s2_cbf,True,True,True,0.46684095500835865,7.144475300687877,87,0.19398975372314453,0.1869831085205078,0.6725072080007521,False,,,,,,,,,True,True,True,True,1.0,0.1869831085205078,0.46684095500835865,7.144475300687877,87,
benchmark_dualmp_nl_dense_clutter_eval_dense_clutter.json,420,s2,neural,cbf,ok,False,s2_cbf,True,True,True,0.443448575101247,6.75742939324774,83,0.18594098091125488,0.17914700508117676,0.6426460419897921,False,,,,,,,,,True,True,True,True,1.0,0.17914700508117676,0.443448575101247,6.75742939324774,83,
benchmark_dualmp_nl_dense_clutter_eval_dense_clutter.json,421,s2,neural,cbf,ok,False,s2_cbf,True,True,True,0.49004026670135903,7.220553452274884,96,0.22821807861328125,0.221329927444458,0.7170375420100754,False,,,,,,,,,True,True,True,True,1.0,0.221329927444458,0.49004026670135903,7.220553452274884,96,
benchmark_dualmp_nl_dense_clutter_eval_dense_clutter.json,422,s2,neural,cbf,ok,False,s2_cbf,True,True,True,0.45719942557097387,6.78526718204784,112,0.23746013641357422,0.23051095008850098,0.7232871250016615,False,,,,,,,,,True,True,True,True,1.0,0.23051095008850098,0.45719942557097387,6.78526718204784,112,
benchmark_dualmp_nl_dense_clutter_eval_dense_clutter.json,423,s2,neural,cbf,ok,False,s2_cbf,False,False,True,0.48381672255468955,6.736302829605799,78,0.17443013191223145,0.16765904426574707,0.6242472079902655,False,,,,,,,,,True,False,False,True,1.0,0.16765904426574707,0.48381672255468955,6.736302829605799,78,
benchmark_dualmp_nl_dense_clutter_eval_dense_clutter.json,424,s2,neural,cbf,ok,False,s2_cbf,True,True,True,0.4891806028003328,7.055525253218481,103,0.25443100929260254,0.24751520156860352,0.7191737089888193,False,,,,,,,,,True,True,True,True,1.0,0.24751520156860352,0.4891806028003328,7.055525253218481,103,
benchmark_dualmp_nl_dense_clutter_eval_dense_clutter.json,425,s2,neural,cbf,ok,False,s2_cbf,False,False,True,0.46015982571404723,6.968985249640445,87,0.1809699535369873,0.17404794692993164,0.6721472920035012,False,,,,,,,,,True,False,False,True,1.0,0.17404794692993164,0.46015982571404723,6.968985249640445,87,
benchmark_dualmp_nl_dense_clutter_eval_dense_clutter.json,426,s2,neural,cbf,ok,False,s2_cbf,True,True,True,0.48872812085895156,6.7292083674270735,103,0.24043488502502441,0.23360824584960938,0.7314467919932213,False,,,,,,,,,True,True,True,True,1.0,0.23360824584960938,0.48872812085895156,6.7292083674270735,103,
benchmark_dualmp_nl_dense_clutter_eval_dense_clutter.json,427,s2,neural,cbf,ok,False,s2_cbf,True,True,True,0.4731978393408545,6.786271481980638,105,0.23231101036071777,0.2254648208618164,0.7298157919867663,False,,,,,,,,,True,True,True,True,1.0,0.2254648208618164,0.4731978393408545,6.786271481980638,105,
benchmark_dualmp_nl_dense_clutter_eval_dense_clutter.json,428,s2,neural,cbf,ok,False,s2_cbf,True,True,True,0.4762563299688755,6.636231868400998,78,0.16548919677734375,0.1586458683013916,0.6664138330088463,False,,,,,,,,,True,True,True,True,1.0,0.1586458683013916,0.4762563299688755,6.636231868400998,78,
benchmark_dualmp_nl_dense_clutter_eval_dense_clutter.json,429,s2,neural,cbf,ok,False,s2_cbf,True,True,True,0.48825721626936813,6.6595935466180185,80,0.20879006385803223,0.20189881324768066,0.6802536250033882,False,,,,,,,,,True,True,True,True,1.0,0.20189881324768066,0.48825721626936813,6.6595935466180185,80,
benchmark_dualmp_nl_dense_clutter_eval_dense_clutter.json,430,s2,neural,cbf,ok,False,s2_cbf,False,False,True,0.4493311900040111,6.730714368855692,81,0.2001800537109375,0.19320225715637207,0.6880150419892743,False,,,,,,,,,True,False,False,True,1.0,0.19320225715637207,0.4493311900040111,6.730714368855692,81,
benchmark_dualmp_nl_dense_clutter_eval_dense_clutter.json,431,s2,neural,cbf,ok,False,s2_cbf,True,True,True,0.4890901729645076,7.177591571369513,115,0.24139118194580078,0.23448705673217773,0.6888957909977762,False,,,,,,,,,True,True,True,True,1.0,0.23448705673217773,0.4890901729645076,7.177591571369513,115,
benchmark_dualmp_nl_dense_clutter_eval_dense_clutter.json,432,s2,neural,cbf,ok,False,s2_cbf,False,False,True,0.4893000154327413,7.0341259516086305,85,0.22501301765441895,0.21784019470214844,0.7188699160033138,False,,,,,,,,,True,False,False,True,1.0,0.21784019470214844,0.4893000154327413,7.0341259516086305,85,
benchmark_dualmp_nl_dense_clutter_eval_dense_clutter.json,433,s2,neural,cbf,ok,False,s2_cbf,True,True,True,0.45132777381046063,6.718343601507521,74,0.17634820938110352,0.16962122917175293,0.6657598329911707,False,,,,,,,,,True,True,True,True,1.0,0.16962122917175293,0.45132777381046063,6.718343601507521,74,
benchmark_dualmp_nl_dense_clutter_eval_dense_clutter.json,434,s2,neural,cbf,ok,False,s2_cbf,True,True,True,0.442953063314419,6.784048514406264,70,0.151475191116333,0.14446115493774414,0.6537999590073014,False,,,,,,,,,True,True,True,True,1.0,0.14446115493774414,0.442953063314419,6.784048514406264,70,
benchmark_dualmp_nl_dense_clutter_eval_dense_clutter.json,435,s2,neural,cbf,ok,False,s2_cbf,False,False,True,0.439275129212135,6.779582530904908,86,0.18480277061462402,0.17790913581848145,0.6737140420009382,False,,,,,,,,,True,False,False,True,1.0,0.17790913581848145,0.439275129212135,6.779582530904908,86,
benchmark_dualmp_nl_dense_clutter_eval_dense_clutter.json,436,s2,neural,cbf,ok,False,s2_cbf,True,True,True,0.4535211090955117,6.676441834877618,92,0.20332002639770508,0.19647479057312012,0.6867580830003135,False,,,,,,,,,True,True,True,True,1.0,0.19647479057312012,0.4535211090955117,6.676441834877618,92,
benchmark_dualmp_nl_dense_clutter_eval_dense_clutter.json,437,s2,neural,cbf,ok,False,s2_cbf,False,False,True,0.44166106908446395,6.657629069612316,78,0.17110610008239746,0.16437602043151855,0.6550069170043571,False,,,,,,,,,True,False,False,True,1.0,0.16437602043151855,0.44166106908446395,6.657629069612316,78,
benchmark_dualmp_nl_dense_clutter_eval_dense_clutter.json,438,s2,neural,cbf,ok,False,s2_cbf,False,False,True,0.4961734559681346,6.777440436600565,92,0.21707797050476074,0.21007275581359863,0.7021434169873828,False,,,,,,,,,True,False,False,True,1.0,0.21007275581359863,0.4961734559681346,6.777440436600565,92,
benchmark_dualmp_nl_dense_clutter_eval_dense_clutter.json,439,s2,neural,cbf,ok,False,s2_cbf,True,True,True,0.44607731441974485,6.745265022957081,80,0.16286897659301758,0.15600109100341797,0.655565042005037,False,,,,,,,,,True,True,True,True,1.0,0.15600109100341797,0.44607731441974485,6.745265022957081,80,
benchmark_dualmp_nl_dense_clutter_eval_dense_clutter.json,440,s2,neural,cbf,ok,False,s2_cbf,False,False,True,0.44351833511769884,6.818431275694589,87,0.20315194129943848,0.1961660385131836,0.6988379590038676,False,,,,,,,,,True,False,False,True,1.0,0.1961660385131836,0.44351833511769884,6.818431275694589,87,
benchmark_dualmp_nl_dense_clutter_eval_dense_clutter.json,441,s2,neural,cbf,ok,False,s2_cbf,True,True,True,0.4897816053073086,6.884632273727391,77,0.1555171012878418,0.14865493774414062,0.6896617919992423,False,,,,,,,,,True,True,True,True,1.0,0.14865493774414062,0.4897816053073086,6.884632273727391,77,
benchmark_dualmp_nl_dense_clutter_eval_dense_clutter.json,442,s2,neural,cbf,ok,False,s2_cbf,True,True,True,0.49995535549044645,6.873880817986083,85,0.19906997680664062,0.19213199615478516,0.6650900000095135,False,,,,,,,,,True,True,True,True,1.0,0.19213199615478516,0.49995535549044645,6.873880817986083,85,
benchmark_dualmp_nl_dense_clutter_eval_dense_clutter.json,443,s2,neural,cbf,ok,False,s2_cbf,True,True,True,0.45232432759800595,6.8321109724722655,92,0.19218802452087402,0.1852121353149414,0.6860502500057919,False,,,,,,,,,True,True,True,True,1.0,0.1852121353149414,0.45232432759800595,6.8321109724722655,92,
benchmark_dualmp_nl_dense_clutter_eval_dense_clutter.json,444,s2,neural,cbf,ok,False,s2_cbf,True,True,True,0.4292139632778101,7.003047978818241,85,0.13801980018615723,0.13078522682189941,0.6166464999987511,False,,,,,,,,,True,True,True,True,1.0,0.13078522682189941,0.4292139632778101,7.003047978818241,85,
benchmark_dualmp_nl_dense_clutter_eval_dense_clutter.json,445,s2,neural,cbf,ok,False,s2_cbf,True,True,True,0.4754618726041116,6.72638574259014,83,0.1793532371520996,0.17250394821166992,0.6622510000015609,False,,,,,,,,,True,True,True,True,1.0,0.17250394821166992,0.4754618726041116,6.72638574259014,83,
benchmark_dualmp_nl_dense_clutter_eval_dense_clutter.json,446,s2,neural,cbf,ok,False,s2_cbf,True,True,True,0.4738174886836517,7.162273448799522,150,0.2362501621246338,0.22935175895690918,0.7214504160074284,False,,,,,,,,,True,True,True,True,1.0,0.22935175895690918,0.4738174886836517,7.162273448799522,150,
benchmark_dualmp_nl_dense_clutter_eval_dense_clutter.json,447,s2,neural,cbf,ok,False,s2_cbf,True,True,True,0.4650763662068824,6.8018653818013775,92,0.18178415298461914,0.1748642921447754,0.6914864580030553,False,,,,,,,,,True,True,True,True,1.0,0.1748642921447754,0.4650763662068824,6.8018653818013775,92,
benchmark_dualmp_nl_dense_clutter_eval_dense_clutter.json,448,s2,neural,cbf,ok,False,s2_cbf,True,True,True,0.47461745870610916,6.662754158553468,98,0.1977519989013672,0.19102692604064941,0.7134802090004086,False,,,,,,,,,True,True,True,True,1.0,0.19102692604064941,0.47461745870610916,6.662754158553468,98,
benchmark_dualmp_nl_dense_clutter_eval_dense_clutter.json,449,s2,neural,cbf,ok,False,s2_cbf,True,True,True,0.4989912893569075,7.82195341170646,150,0.27092719078063965,0.26395416259765625,0.7590857500035781,False,,,,,,,,,True,True,True,True,1.0,0.26395416259765625,0.4989912893569075,7.82195341170646,150,
benchmark_dualmp_nl_dense_clutter_eval_dense_clutter.json,450,s2,neural,cbf,ok,False,s2_cbf,False,False,True,0.43712094434253385,6.718551091657214,90,0.18956613540649414,0.182542085647583,0.6662155000085477,False,,,,,,,,,True,False,False,True,1.0,0.182542085647583,0.43712094434253385,6.718551091657214,90,
benchmark_dualmp_nl_dense_clutter_eval_dense_clutter.json,451,s2,neural,cbf,ok,False,s2_cbf,True,True,True,0.4724779252622889,6.745361503819166,93,0.19960713386535645,0.19278717041015625,0.6930368329922203,False,,,,,,,,,True,True,True,True,1.0,0.19278717041015625,0.4724779252622889,6.745361503819166,93,
benchmark_dualmp_nl_dense_clutter_eval_dense_clutter.json,452,s2,neural,cbf,ok,False,s2_cbf,True,True,True,0.4951621838176955,6.616642844108101,89,0.17235469818115234,0.16571784019470215,0.676433000000543,False,,,,,,,,,True,True,True,True,1.0,0.16571784019470215,0.4951621838176955,6.616642844108101,89,
benchmark_dualmp_nl_dense_clutter_eval_dense_clutter.json,453,s2,neural,cbf,ok,False,s2_cbf,True,True,True,0.49417835677967187,6.660134406640747,77,0.21148276329040527,0.2046504020690918,0.6824713329988299,False,,,,,,,,,True,True,True,True,1.0,0.2046504020690918,0.49417835677967187,6.660134406640747,77,
benchmark_dualmp_nl_dense_clutter_eval_dense_clutter.json,454,s2,neural,cbf,ok,False,s2_cbf,True,True,True,0.4791776781279187,6.753866846943096,76,0.18676996231079102,0.17985010147094727,0.6774641249940032,False,,,,,,,,,True,True,True,True,1.0,0.17985010147094727,0.4791776781279187,6.753866846943096,76,
benchmark_dualmp_nl_dense_clutter_eval_dense_clutter.json,455,s2,neural,cbf,ok,False,s2_cbf,True,True,True,0.4644151483054844,6.655635975485678,86,0.18573999404907227,0.1789689064025879,0.6802562090015272,False,,,,,,,,,True,True,True,True,1.0,0.1789689064025879,0.4644151483054844,6.655635975485678,86,
benchmark_dualmp_nl_dense_clutter_eval_dense_clutter.json,456,s2,neural,cbf,ok,False,s2_cbf,True,True,True,0.4523695282957916,6.858298630865386,79,0.16865301132202148,0.16162419319152832,0.6776159169967286,False,,,,,,,,,True,True,True,True,1.0,0.16162419319152832,0.4523695282957916,6.858298630865386,79,
benchmark_dualmp_nl_dense_clutter_eval_dense_clutter.json,457,s2,neural,cbf,ok,False,s2_cbf,False,False,True,0.4748591904364362,6.730457644451239,115,0.23728585243225098,0.23047113418579102,0.7320548749994487,False,,,,,,,,,True,False,False,True,1.0,0.23047113418579102,0.4748591904364362,6.730457644451239,115,
benchmark_dualmp_nl_dense_clutter_eval_dense_clutter.json,458,s2,neural,cbf,ok,False,s2_cbf,False,False,True,0.4997994046689623,6.863952902856266,90,0.17972993850708008,0.17282891273498535,0.6508964999957243,False,,,,,,,,,True,False,False,True,1.0,0.17282891273498535,0.4997994046689623,6.863952902856266,90,
benchmark_dualmp_nl_dense_clutter_eval_dense_clutter.json,459,s2,neural,cbf,ok,False,s2_cbf,True,True,True,0.47653368153573256,7.2419256570224695,115,0.23256230354309082,0.225783109664917,0.7089439580013277,False,,,,,,,,,True,True,True,True,1.0,0.225783109664917,0.47653368153573256,7.2419256570224695,115,
benchmark_dualmp_nl_dense_clutter_eval_dense_clutter.json,460,s2,neural,cbf,ok,False,s2_cbf,True,True,True,0.484104250840007,6.833964219937519,77,0.17584991455078125,0.16905808448791504,0.6682241670059739,False,,,,,,,,,True,True,True,True,1.0,0.16905808448791504,0.484104250840007,6.833964219937519,77,
benchmark_dualmp_nl_dense_clutter_eval_dense_clutter.json,461,s2,neural,cbf,ok,False,s2_cbf,True,True,True,0.47469977595227697,6.684404147046819,103,0.2027580738067627,0.19601988792419434,0.6800154579977971,False,,,,,,,,,True,True,True,True,1.0,0.19601988792419434,0.47469977595227697,6.684404147046819,103,
benchmark_dualmp_nl_dense_clutter_eval_dense_clutter.json,462,s2,neural,cbf,ok,False,s2_cbf,True,True,True,0.47807022348813816,6.638426682950596,95,0.21230316162109375,0.20549392700195312,0.7156607500073733,False,,,,,,,,,True,True,True,True,1.0,0.20549392700195312,0.47807022348813816,6.638426682950596,95,
benchmark_dualmp_nl_dense_clutter_eval_dense_clutter.json,463,s2,neural,cbf,ok,False,s2_cbf,True,True,True,0.45143962363874024,6.896567382995229,80,0.16486620903015137,0.15805697441101074,0.6619440830108942,False,,,,,,,,,True,True,True,True,1.0,0.15805697441101074,0.45143962363874024,6.896567382995229,80,
benchmark_dualmp_nl_dense_clutter_eval_dense_clutter.json,464,s2,neural,cbf,ok,False,s2_cbf,True,True,True,0.4581579443416998,6.691324047750596,86,0.18703293800354004,0.18030023574829102,0.7092634160071611,False,,,,,,,,,True,True,True,True,1.0,0.18030023574829102,0.4581579443416998,6.691324047750596,86,
benchmark_dualmp_nl_dense_clutter_eval_dense_clutter.json,465,s2,neural,cbf,ok,False,s2_cbf,False,False,True,0.46353818680903136,6.810065818682681,77,0.18714118003845215,0.18038392066955566,0.6806537090014899,False,,,,,,,,,True,False,False,True,1.0,0.18038392066955566,0.46353818680903136,6.810065818682681,77,
benchmark_dualmp_nl_dense_clutter_eval_dense_clutter.json,466,s2,neural,cbf,ok,False,s2_cbf,True,True,True,0.4761107835942174,6.7918229717952965,83,0.16707086563110352,0.16007614135742188,0.6808414999977686,False,,,,,,,,,True,True,True,True,1.0,0.16007614135742188,0.4761107835942174,6.7918229717952965,83,
benchmark_dualmp_nl_dense_clutter_eval_dense_clutter.json,467,s2,neural,cbf,ok,False,s2_cbf,True,True,True,0.4488113030751721,6.860254410056954,100,0.1950240135192871,0.18803620338439941,0.6770248339889804,False,,,,,,,,,True,True,True,True,1.0,0.18803620338439941,0.4488113030751721,6.860254410056954,100,
benchmark_dualmp_nl_dense_clutter_eval_dense_clutter.json,468,s2,neural,cbf,ok,False,s2_cbf,True,True,True,0.4736539957638618,6.659674910419477,83,0.17929291725158691,0.17249512672424316,0.6498742080002557,False,,,,,,,,,True,True,True,True,1.0,0.17249512672424316,0.4736539957638618,6.659674910419477,83,
benchmark_dualmp_nl_dense_clutter_eval_dense_clutter.json,469,s2,neural,cbf,ok,False,s2_cbf,False,False,True,0.4753106474538796,6.656625762252706,124,0.2158980369567871,0.20914793014526367,0.7091742500051623,False,,,,,,,,,True,False,False,True,1.0,0.20914793014526367,0.4753106474538796,6.656625762252706,124,
benchmark_dualmp_nl_dense_clutter_eval_dense_clutter.json,470,s2,neural,cbf,ok,False,s2_cbf,True,True,True,0.46273065865744517,6.999859108231685,94,0.20821595191955566,0.2013688087463379,0.6951994169940008,False,,,,,,,,,True,True,True,True,1.0,0.2013688087463379,0.46273065865744517,6.999859108231685,94,
benchmark_dualmp_nl_dense_clutter_eval_dense_clutter.json,471,s2,neural,cbf,ok,False,s2_cbf,False,False,True,0.4917724787765635,6.8610044652531395,105,0.21085786819458008,0.20407891273498535,0.6937557089986512,False,,,,,,,,,True,False,False,True,1.0,0.20407891273498535,0.4917724787765635,6.8610044652531395,105,
benchmark_dualmp_nl_dense_clutter_eval_dense_clutter.json,472,s2,neural,cbf,ok,False,s2_cbf,True,True,True,0.4595669556645267,6.719703114917606,111,0.24500179290771484,0.2380387783050537,0.7552704160043504,False,,,,,,,,,True,True,True,True,1.0,0.2380387783050537,0.4595669556645267,6.719703114917606,111,
benchmark_dualmp_nl_dense_clutter_eval_dense_clutter.json,473,s2,neural,cbf,ok,False,s2_cbf,True,True,True,0.4651376029370244,6.6412776563303355,99,0.22580409049987793,0.21905016899108887,0.7045835829921998,False,,,,,,,,,True,True,True,True,1.0,0.21905016899108887,0.4651376029370244,6.6412776563303355,99,
benchmark_dualmp_nl_dense_clutter_eval_dense_clutter.json,474,s2,neural,cbf,ok,False,s2_cbf,True,True,True,0.46377783684017143,6.743149386752023,97,0.20244216918945312,0.19562911987304688,0.6654528750077588,False,,,,,,,,,True,True,True,True,1.0,0.19562911987304688,0.46377783684017143,6.743149386752023,97,
benchmark_dualmp_nl_dense_clutter_eval_dense_clutter.json,475,s2,neural,cbf,ok,False,s2_cbf,True,True,True,0.4839964139011987,7.361877255869064,144,0.2728610038757324,0.2659578323364258,0.747961083005066,False,,,,,,,,,True,True,True,True,1.0,0.2659578323364258,0.4839964139011987,7.361877255869064,144,
benchmark_dualmp_nl_dense_clutter_eval_dense_clutter.json,476,s2,neural,cbf,ok,False,s2_cbf,True,True,True,0.4814527443238446,7.099838853332184,92,0.21857309341430664,0.21163702011108398,0.7079282920021797,False,,,,,,,,,True,True,True,True,1.0,0.21163702011108398,0.4814527443238446,7.099838853332184,92,
benchmark_dualmp_nl_dense_clutter_eval_dense_clutter.json,477,s2,neural,cbf,ok,False,s2_cbf,True,True,True,0.474976215036857,6.735971434722992,87,0.18601608276367188,0.17913222312927246,0.681216917000711,False,,,,,,,,,True,True,True,True,1.0,0.17913222312927246,0.474976215036857,6.735971434722992,87,
benchmark_dualmp_nl_dense_clutter_eval_dense_clutter.json,478,s2,neural,cbf,ok,False,s2_cbf,True,True,True,0.4521753491674573,6.714792327277834,81,0.20117807388305664,0.1942439079284668,0.6664853330003098,False,,,,,,,,,True,True,True,True,1.0,0.1942439079284668,0.4521753491674573,6.714792327277834,81,
benchmark_dualmp_nl_dense_clutter_eval_dense_clutter.json,479,s2,neural,cbf,ok,False,s2_cbf,False,False,True,0.4721333058806345,6.668597726690877,113,0.22636699676513672,0.21947288513183594,0.7082907910080394,False,,,,,,,,,True,False,False,True,1.0,0.21947288513183594,0.4721333058806345,6.668597726690877,113,
benchmark_dualmp_nl_dense_clutter_eval_dense_clutter.json,480,s2,neural,cbf,ok,False,s2_cbf,True,True,True,0.46508488988014535,6.888226961315391,101,0.23714303970336914,0.2303009033203125,0.7143979160027811,False,,,,,,,,,True,True,True,True,1.0,0.2303009033203125,0.46508488988014535,6.888226961315391,101,
benchmark_dualmp_nl_dense_clutter_eval_dense_clutter.json,481,s2,neural,cbf,ok,False,s2_cbf,True,True,True,0.4653065014693882,7.215562262853647,117,0.23797297477722168,0.2310938835144043,0.7507801249885233,False,,,,,,,,,True,True,True,True,1.0,0.2310938835144043,0.4653065014693882,7.215562262853647,117,
benchmark_dualmp_nl_dense_clutter_eval_dense_clutter.json,482,s2,neural,cbf,ok,False,s2_cbf,False,False,True,0.4682255726098368,6.898991998241581,105,0.23257112503051758,0.22586894035339355,0.6951752499880968,False,,,,,,,,,True,False,False,True,1.0,0.22586894035339355,0.4682255726098368,6.898991998241581,105,
benchmark_dualmp_nl_dense_clutter_eval_dense_clutter.json,483,s2,neural,cbf,ok,False,s2_cbf,True,True,True,0.46243603040062337,6.834679315050464,125,0.21407294273376465,0.20707464218139648,0.6992255420045694,False,,,,,,,,,True,True,True,True,1.0,0.20707464218139648,0.46243603040062337,6.834679315050464,125,
benchmark_dualmp_nl_dense_clutter_eval_dense_clutter.json,484,s2,neural,cbf,ok,False,s2_cbf,True,True,True,0.45786686127060783,6.871578704250192,88,0.2156980037689209,0.20881915092468262,0.6945566669892287,False,,,,,,,,,True,True,True,True,1.0,0.20881915092468262,0.45786686127060783,6.871578704250192,88,
benchmark_dualmp_nl_dense_clutter_eval_dense_clutter.json,485,s2,neural,cbf,ok,False,s2_cbf,True,True,True,0.4918455262061824,6.9642999594623065,93,0.19494390487670898,0.18820929527282715,0.6797528749884805,False,,,,,,,,,True,True,True,True,1.0,0.18820929527282715,0.4918455262061824,6.9642999594623065,93,
benchmark_dualmp_nl_dense_clutter_eval_dense_clutter.json,486,s2,neural,cbf,ok,False,s2_cbf,True,True,True,0.4462182773341605,6.784631849384636,80,0.1475820541381836,0.14044594764709473,0.6274537909921492,False,,,,,,,,,True,True,True,True,1.0,0.14044594764709473,0.4462182773341605,6.784631849384636,80,
benchmark_dualmp_nl_dense_clutter_eval_dense_clutter.json,487,s2,neural,cbf,ok,False,s2_cbf,False,False,True,0.44388960798185095,6.798175152326783,84,0.16585707664489746,0.1589348316192627,0.6548889169935137,False,,,,,,,,,True,False,False,True,1.0,0.1589348316192627,0.44388960798185095,6.798175152326783,84,
benchmark_dualmp_nl_dense_clutter_eval_dense_clutter.json,488,s2,neural,cbf,ok,False,s2_cbf,True,True,True,0.4650019339510067,6.960615299315699,111,0.23491406440734863,0.22804021835327148,0.6863769170013256,False,,,,,,,,,True,True,True,True,1.0,0.22804021835327148,0.4650019339510067,6.960615299315699,111,
benchmark_dualmp_nl_dense_clutter_eval_dense_clutter.json,489,s2,neural,cbf,ok,False,s2_cbf,False,False,True,0.4873575642379971,6.666814251378092,81,0.19417309761047363,0.18751001358032227,0.6823545000079321,False,,,,,,,,,True,False,False,True,1.0,0.18751001358032227,0.4873575642379971,6.666814251378092,81,
benchmark_dualmp_nl_dense_clutter_eval_dense_clutter.json,490,s2,neural,cbf,ok,False,s2_cbf,True,True,True,0.473172856325576,6.814908262851748,74,0.17789125442504883,0.17107510566711426,0.6509617090050597,False,,,,,,,,,True,True,True,True,1.0,0.17107510566711426,0.473172856325576,6.814908262851748,74,
benchmark_dualmp_nl_dense_clutter_eval_dense_clutter.json,491,s2,neural,cbf,ok,False,s2_cbf,False,False,True,0.4812780163669931,7.150989784243126,129,0.27207207679748535,0.2653388977050781,0.7833671659900574,False,,,,,,,,,True,False,False,True,1.0,0.2653388977050781,0.4812780163669931,7.150989784243126,129,
benchmark_dualmp_nl_dense_clutter_eval_dense_clutter.json,492,s2,neural,cbf,ok,False,s2_cbf,False,False,True,0.4894872778079519,7.188107199518545,100,0.2262871265411377,0.21927404403686523,0.7244188330078032,False,,,,,,,,,True,False,False,True,1.0,0.21927404403686523,0.4894872778079519,7.188107199518545,100,
benchmark_dualmp_nl_dense_clutter_eval_dense_clutter.json,493,s2,neural,cbf,ok,False,s2_cbf,True,True,True,0.4926308988297451,7.111846277328423,100,0.24426698684692383,0.23703312873840332,0.7173779170116177,False,,,,,,,,,True,True,True,True,1.0,0.23703312873840332,0.4926308988297451,7.111846277328423,100,
benchmark_dualmp_nl_dense_clutter_eval_dense_clutter.json,494,s2,neural,cbf,ok,False,s2_cbf,True,True,True,0.4855840349419991,6.943653846526501,120,0.2410428524017334,0.23397302627563477,0.7210781250032596,False,,,,,,,,,True,True,True,True,1.0,0.23397302627563477,0.4855840349419991,6.943653846526501,120,
benchmark_dualmp_nl_dense_clutter_eval_dense_clutter.json,495,s2,neural,cbf,ok,False,s2_cbf,True,True,True,0.445890004630848,6.699426877643974,95,0.20113778114318848,0.19423890113830566,0.6567981250118464,False,,,,,,,,,True,True,True,True,1.0,0.19423890113830566,0.445890004630848,6.699426877643974,95,
benchmark_dualmp_nl_dense_clutter_eval_dense_clutter.json,496,s2,neural,cbf,ok,False,s2_cbf,True,True,True,0.46184268002110057,6.7118760353518825,80,0.17384982109069824,0.1669938564300537,0.6716429160005646,False,,,,,,,,,True,True,True,True,1.0,0.1669938564300537,0.46184268002110057,6.7118760353518825,80,
benchmark_dualmp_nl_dense_clutter_eval_dense_clutter.json,497,s2,neural,cbf,ok,False,s2_cbf,True,True,True,0.494494723460701,6.828337680113778,80,0.17580890655517578,0.16899895668029785,0.695958750002319,False,,,,,,,,,True,True,True,True,1.0,0.16899895668029785,0.494494723460701,6.828337680113778,80,
benchmark_dualmp_nl_dense_clutter_eval_dense_clutter.json,498,s2,neural,cbf,ok,False,s2_cbf,False,False,True,0.4483878098088479,6.869969688567272,92,0.20782995223999023,0.20098590850830078,0.6957058340049116,False,,,,,,,,,True,False,False,True,1.0,0.20098590850830078,0.4483878098088479,6.869969688567272,92,
benchmark_dualmp_nl_dense_clutter_eval_dense_clutter.json,499,s2,neural,cbf,ok,False,s2_cbf,True,True,True,0.46610263054192685,6.6803392208025665,79,0.17154908180236816,0.164841890335083,0.6609025420038961,False,,,,,,,,,True,True,True,True,1.0,0.164841890335083,0.46610263054192685,6.6803392208025665,79,
