dictionary,scenario_id,run_type,s1,s2,status,timed_out,selected_attempt,success,collision_free,goal_reached,final_goal_error,path_length,num_states,runtime_sec,selected_runtime_sec,wall_runtime_sec,s1_attempted,s1_success,s1_collision_free,s1_goal_reached,s1_confidence,s1_runtime_sec,s1_final_goal_error,s1_path_length,s1_num_states,s2_attempted,s2_success,s2_collision_free,s2_goal_reached,s2_confidence,s2_runtime_sec,s2_final_goal_error,s2_path_length,s2_num_states,error_message
benchmark_dualmp_nl_dense_clutter_eval_dense_clutter.json,0,s1,neural,cbf,ok,False,s1_neural,False,True,False,0.583096839674309,6.797266828412132,39,1.2814888954162598,1.2744159698486328,2.4349742500053253,True,False,True,False,0.9708451580162846,1.2744159698486328,0.583096839674309,6.797266828412132,39,False,,,,,,,,,
benchmark_dualmp_nl_dense_clutter_eval_dense_clutter.json,1,s1,neural,cbf,ok,False,s1_neural,False,True,False,0.509691967445486,7.688837718658693,55,0.8365688323974609,0.8295431137084961,1.454329250002047,True,False,True,False,0.9745154016277257,0.8295431137084961,0.509691967445486,7.688837718658693,55,False,,,,,,,,,
benchmark_dualmp_nl_dense_clutter_eval_dense_clutter.json,2,s1,neural,cbf,ok,False,s1_neural,False,True,False,0.5687020647342564,6.9332013470881435,26,0.7154350280761719,0.7083561420440674,1.3535639170004288,True,False,True,False,0.9715648967632872,0.7083561420440674,0.5687020647342564,6.9332013470881435,26,False,,,,,,,,,
benchmark_dualmp_nl_dense_clutter_eval_dense_clutter.json,3,s1,neural,cbf,ok,False,s1_neural,False,True,False,0.5647533501846999,6.8140132593858445,37,0.7899899482727051,0.7829480171203613,1.395128416013904,True,False,True,False,0.971762332490765,0.7829480171203613,0.5647533501846999,6.8140132593858445,37,False,,,,,,,,,
benchmark_dualmp_nl_dense_clutter_eval_dense_clutter.json,4,s1,neural,cbf,ok,False,s1_neural,False,True,False,0.5546965858516527,6.876571252029274,37,0.7700626850128174,0.7628650665283203,1.3778897910087835,True,False,True,False,0.9722651707074174,0.7628650665283203,0.5546965858516527,6.876571252029274,37,False,,,,,,,,,
benchmark_dualmp_nl_dense_clutter_eval_dense_clutter.json,5,s1,neural,cbf,ok,False,s1_neural,False,True,False,4.737811711805474,2.3408372382993097,121,0.924536943435669,0.9173858165740967,1.5714195420005126,True,False,True,False,0.0,0.9173858165740967,4.737811711805474,2.3408372382993097,121,False,,,,,,,,,
benchmark_dualmp_nl_dense_clutter_eval_dense_clutter.json,6,s1,neural,cbf,ok,False,s1_neural,True,True,True,0.4435936724440998,6.958257624302447,37,0.7901461124420166,0.7830500602722168,1.438550499995472,True,True,True,True,0.977820316377795,0.7830500602722168,0.4435936724440998,6.958257624302447,37,False,,,,,,,,,
benchmark_dualmp_nl_dense_clutter_eval_dense_clutter.json,7,s1,neural,cbf,ok,False,s1_neural,False,True,False,4.519590722629961,2.600537917068844,121,0.9649178981781006,0.957737922668457,1.5998898329999065,True,False,True,False,0.0,0.957737922668457,4.519590722629961,2.600537917068844,121,False,,,,,,,,,
benchmark_dualmp_nl_dense_clutter_eval_dense_clutter.json,8,s1,neural,cbf,ok,False,s1_neural,True,True,True,0.4404310550378511,6.751104457395838,34,0.7700099945068359,0.7621591091156006,1.415947583009256,True,True,True,True,0.9779784472481075,0.7621591091156006,0.4404310550378511,6.751104457395838,34,False,,,,,,,,,
benchmark_dualmp_nl_dense_clutter_eval_dense_clutter.json,9,s1,neural,cbf,ok,False,s1_neural,True,True,True,0.49888289873809744,7.290595502895832,51,0.8056159019470215,0.7984030246734619,1.4183024579979246,True,True,True,True,0.9750558550630951,0.7984030246734619,0.49888289873809744,7.290595502895832,51,False,,,,,,,,,
benchmark_dualmp_nl_dense_clutter_eval_dense_clutter.json,10,s1,neural,cbf,ok,False,s1_neural,False,True,False,31.402142867259304,27.132520130003627,121,0.9990997314453125,0.9918699264526367,1.6143143750086892,True,False,True,False,0.0,0.9918699264526367,31.402142867259304,27.132520130003627,121,False,,,,,,,,,
benchmark_dualmp_nl_dense_clutter_eval_dense_clutter.json,11,s1,neural,cbf,ok,False,s1_neural,False,True,False,0.5115159632420213,7.017291083393518,39,0.7780909538269043,0.7709059715270996,1.3999499999918044,True,False,True,False,0.9744242018378989,0.7709059715270996,0.5115159632420213,7.017291083393518,39,False,,,,,,,,,
benchmark_dualmp_nl_dense_clutter_eval_dense_clutter.json,12,s1,neural,cbf,ok,False,s1_neural,False,True,False,0.5449034873558486,6.675754116358832,25,0.7534363269805908,0.7463071346282959,1.3950224580039503,True,False,True,False,0.9727548256322076,0.7463071346282959,0.5449034873558486,6.675754116358832,25,False,,,,,,,,,
benchmark_dualmp_nl_dense_clutter_eval_dense_clutter.json,13,s1,neural,cbf,ok,False,s1_neural,False,True,False,0.5649829781305017,6.860979767087116,37,0.757483959197998,0.750403881072998,1.363693791005062,True,False,True,False,0.9717508510934749,0.750403881072998,0.5649829781305017,6.860979767087116,37,False,,,,,,,,,
benchmark_dualmp_nl_dense_clutter_eval_dense_clutter.json,14,s1,neural,cbf,ok,False,s1_neural,True,True,True,0.45059793961895417,7.111770999759765,42,0.8060870170593262,0.7988531589508057,1.4135410420130938,True,True,True,True,0.9774701030190522,0.7988531589508057,0.45059793961895417,7.111770999759765,42,False,,,,,,,,,
benchmark_dualmp_nl_dense_clutter_eval_dense_clutter.json,15,s1,neural,cbf,ok,False,s1_neural,True,True,True,0.49205738077877403,6.91349460165605,39,0.7727570533752441,0.7649271488189697,1.401048166997498,True,True,True,True,0.9753971309610613,0.7649271488189697,0.49205738077877403,6.91349460165605,39,False,,,,,,,,,
benchmark_dualmp_nl_dense_clutter_eval_dense_clutter.json,16,s1,neural,cbf,ok,False,s1_neural,False,True,False,0.5901021723708763,6.912860292408636,38,0.7578113079071045,0.7505390644073486,1.3863760419917526,True,False,True,False,0.9704948913814562,0.7505390644073486,0.5901021723708763,6.912860292408636,38,False,,,,,,,,,
benchmark_dualmp_nl_dense_clutter_eval_dense_clutter.json,17,s1,neural,cbf,ok,False,s1_neural,False,True,False,0.5199368838327704,7.918450658531523,42,0.7874858379364014,0.7799630165100098,1.4274372500076424,True,False,True,False,0.9740031558083615,0.7799630165100098,0.5199368838327704,7.918450658531523,42,False,,,,,,,,,
benchmark_dualmp_nl_dense_clutter_eval_dense_clutter.json,18,s1,neural,cbf,ok,False,s1_neural,False,True,False,0.5715058335272234,7.163320981192301,55,0.8167548179626465,0.8094460964202881,1.443890750000719,True,False,True,False,0.9714247083236388,0.8094460964202881,0.5715058335272234,7.163320981192301,55,False,,,,,,,,,
benchmark_dualmp_nl_dense_clutter_eval_dense_clutter.json,19,s1,neural,cbf,ok,False,s1_neural,False,True,False,4.586776979241851,2.5701150954629357,121,0.9679999351501465,0.9605381488800049,1.6040008749987464,True,False,True,False,0.0,0.9605381488800049,4.586776979241851,2.5701150954629357,121,False,,,,,,,,,
benchmark_dualmp_nl_dense_clutter_eval_dense_clutter.json,20,s1,neural,cbf,ok,False,s1_neural,True,True,True,0.486291250256953,10.643632914870624,52,0.8110158443450928,0.8036859035491943,1.4568676250055432,True,True,True,True,0.9756854374871523,0.8036859035491943,0.486291250256953,10.643632914870624,52,False,,,,,,,,,
benchmark_dualmp_nl_dense_clutter_eval_dense_clutter.json,21,s1,neural,cbf,ok,False,s1_neural,False,True,False,0.5785981026028403,7.523649439711343,37,0.7828068733215332,0.7756109237670898,1.4200562500045635,True,False,True,False,0.971070094869858,0.7756109237670898,0.5785981026028403,7.523649439711343,37,False,,,,,,,,,
benchmark_dualmp_nl_dense_clutter_eval_dense_clutter.json,22,s1,neural,cbf,ok,False,s1_neural,False,True,False,0.5281678582239927,6.655542458024373,38,0.7599368095397949,0.7528071403503418,1.3802187089895597,True,False,True,False,0.9735916070888003,0.7528071403503418,0.5281678582239927,6.655542458024373,38,False,,,,,,,,,
benchmark_dualmp_nl_dense_clutter_eval_dense_clutter.json,23,s1,neural,cbf,ok,False,s1_neural,False,True,False,0.5803643281293027,6.942308379464711,41,0.7714202404022217,0.7642419338226318,1.3783544580073794,True,False,True,False,0.9709817835935348,0.7642419338226318,0.5803643281293027,6.942308379464711,41,False,,,,,,,,,
benchmark_dualmp_nl_dense_clutter_eval_dense_clutter.json,24,s1,neural,cbf,ok,False,s1_neural,False,True,False,0.5637315003656947,6.879720427048377,39,0.7787599563598633,0.7715258598327637,1.3783954589889618,True,False,True,False,0.9718134249817153,0.7715258598327637,0.5637315003656947,6.879720427048377,39,False,,,,,,,,,
benchmark_dualmp_nl_dense_clutter_eval_dense_clutter.json,25,s1,neural,cbf,ok,False,s1_neural,False,True,False,0.561638337614138,8.099288876645067,46,0.7922458648681641,0.7849729061126709,1.3854620000056457,True,False,True,False,0.9719180831192931,0.7849729061126709,0.561638337614138,8.099288876645067,46,False,,,,,,,,,
benchmark_dualmp_nl_dense_clutter_eval_dense_clutter.json,26,s1,neural,cbf,ok,False,s1_neural,False,True,False,3.435815800928866,3.6354903064492383,121,0.9147889614105225,0.9076180458068848,1.5233226669952273,True,False,True,False,0.10641841990711337,0.9076180458068848,3.435815800928866,3.6354903064492383,121,False,,,,,,,,,
benchmark_dualmp_nl_dense_clutter_eval_dense_clutter.json,27,s1,neural,cbf,ok,False,s1_neural,False,True,False,10.772271192772944,8.627343801083363,121,0.9595367908477783,0.9523310661315918,1.5659810419892892,True,False,True,False,0.0,0.9523310661315918,10.772271192772944,8.627343801083363,121,False,,,,,,,,,
benchmark_dualmp_nl_dense_clutter_eval_dense_clutter.json,28,s1,neural,cbf,ok,False,s1_neural,False,True,False,0.5520489312834379,6.920012149282002,39,0.7634141445159912,0.7562131881713867,1.3717688749893568,True,False,True,False,0.9723975534358281,0.7562131881713867,0.5520489312834379,6.920012149282002,39,False,,,,,,,,,
benchmark_dualmp_nl_dense_clutter_eval_dense_clutter.json,29,s1,neural,cbf,ok,False,s1_neural,False,True,False,0.5207510882676645,6.859391007975278,40,0.7822868824005127,0.7750561237335205,1.3983412500092527,True,False,True,False,0.9739624455866168,0.7750561237335205,0.5207510882676645,6.859391007975278,40,False,,,,,,,,,
benchmark_dualmp_nl_dense_clutter_eval_dense_clutter.json,30,s1,neural,cbf,ok,False,s1_neural,True,True,True,0.4996121874056429,6.921171300501343,37,0.7620620727539062,0.7548437118530273,1.3782364159997087,True,True,True,True,0.9750193906297179,0.7548437118530273,0.4996121874056429,6.921171300501343,37,False,,,,,,,,,
benchmark_dualmp_nl_dense_clutter_eval_dense_clutter.json,31,s1,neural,cbf,ok,False,s1_neural,False,True,False,0.504029063865852,7.024177019372974,40,0.7753229141235352,0.7680790424346924,1.3801833750039805,True,False,True,False,0.9747985468067074,0.7680790424346924,0.504029063865852,7.024177019372974,40,False,,,,,,,,,
benchmark_dualmp_nl_dense_clutter_eval_dense_clutter.json,32,s1,neural,cbf,ok,False,s1_neural,True,True,True,0.4736607895555707,7.022967921072973,39,0.767388105392456,0.7601978778839111,1.3624968329968397,True,True,True,True,0.9763169605222215,0.7601978778839111,0.4736607895555707,7.022967921072973,39,False,,,,,,,,,
benchmark_dualmp_nl_dense_clutter_eval_dense_clutter.json,33,s1,neural,cbf,ok,False,s1_neural,False,True,False,0.5300597077876338,6.95297699175406,40,0.7742981910705566,0.7670447826385498,1.3760780000011437,True,False,True,False,0.9734970146106183,0.7670447826385498,0.5300597077876338,6.95297699175406,40,False,,,,,,,,,
benchmark_dualmp_nl_dense_clutter_eval_dense_clutter.json,34,s1,neural,cbf,ok,False,s1_neural,False,True,False,109.94779589238695,104.6190655892552,121,0.950300931930542,0.9431178569793701,1.5604973340086872,True,False,True,False,0.0,0.9431178569793701,109.94779589238695,104.6190655892552,121,False,,,,,,,,,
benchmark_dualmp_nl_dense_clutter_eval_dense_clutter.json,35,s1,neural,cbf,ok,False,s1_neural,False,True,False,0.5997933746809938,6.539044600207135,38,0.7607841491699219,0.7534801959991455,1.37626479199389,True,False,True,False,0.9700103312659503,0.7534801959991455,0.5997933746809938,6.539044600207135,38,False,,,,,,,,,
benchmark_dualmp_nl_dense_clutter_eval_dense_clutter.json,36,s1,neural,cbf,ok,False,s1_neural,False,True,False,34.238166752375626,30.391788359462282,121,0.9697580337524414,0.9626369476318359,1.5685614590038313,True,False,True,False,0.0,0.9626369476318359,34.238166752375626,30.391788359462282,121,False,,,,,,,,,
benchmark_dualmp_nl_dense_clutter_eval_dense_clutter.json,37,s1,neural,cbf,ok,False,s1_neural,False,True,False,0.5425580593137063,7.1592607323014,38,0.769683837890625,0.7624320983886719,1.3896600419975584,True,False,True,False,0.9728720970343147,0.7624320983886719,0.5425580593137063,7.1592607323014,38,False,,,,,,,,,
benchmark_dualmp_nl_dense_clutter_eval_dense_clutter.json,38,s1,neural,cbf,ok,False,s1_neural,False,True,False,0.5832811307172274,6.856132694298005,37,0.7650539875030518,0.7578768730163574,1.376615416011191,True,False,True,False,0.9708359434641386,0.7578768730163574,0.5832811307172274,6.856132694298005,37,False,,,,,,,,,
benchmark_dualmp_nl_dense_clutter_eval_dense_clutter.json,39,s1,neural,cbf,ok,False,s1_neural,False,True,False,0.5753513899145567,6.854765229274869,37,0.7649819850921631,0.7577779293060303,1.3565110829949845,True,False,True,False,0.9712324305042722,0.7577779293060303,0.5753513899145567,6.854765229274869,37,False,,,,,,,,,
benchmark_dualmp_nl_dense_clutter_eval_dense_clutter.json,40,s1,neural,cbf,ok,False,s1_neural,False,True,False,0.5691670152353286,6.853842593119422,38,0.7828888893127441,0.7757430076599121,1.4180556669889484,True,False,True,False,0.9715416492382336,0.7757430076599121,0.5691670152353286,6.853842593119422,38,False,,,,,,,,,
benchmark_dualmp_nl_dense_clutter_eval_dense_clutter.json,41,s1,neural,cbf,ok,False,s1_neural,False,True,False,3.9690479525369327,3.124987386925864,121,0.916471004486084,0.9091939926147461,1.5377345839951886,True,False,True,False,0.053095204746306746,0.9091939926147461,3.9690479525369327,3.124987386925864,121,False,,,,,,,,,
benchmark_dualmp_nl_dense_clutter_eval_dense_clutter.json,42,s1,neural,cbf,ok,False,s1_neural,True,True,True,0.4548976186529368,7.018577845407747,41,0.7794418334960938,0.7723171710968018,1.404849833008484,True,True,True,True,0.9772551190673532,0.7723171710968018,0.4548976186529368,7.018577845407747,41,False,,,,,,,,,
benchmark_dualmp_nl_dense_clutter_eval_dense_clutter.json,43,s1,neural,cbf,ok,False,s1_neural,True,True,True,0.4293313749311101,6.925949212025115,24,0.7445399761199951,0.7374181747436523,1.319667791001848,True,True,True,True,0.9785334312534445,0.7374181747436523,0.4293313749311101,6.925949212025115,24,False,,,,,,,,,
benchmark_dualmp_nl_dense_clutter_eval_dense_clutter.json,44,s1,neural,cbf,ok,False,s1_neural,False,True,False,0.5820858271334928,7.220572580693061,41,0.77571702003479,0.7684528827667236,1.407941415993264,True,False,True,False,0.9708957086433254,0.7684528827667236,0.5820858271334928,7.220572580693061,41,False,,,,,,,,,
benchmark_dualmp_nl_dense_clutter_eval_dense_clutter.json,45,s1,neural,cbf,ok,False,s1_neural,False,True,False,0.5914785957139684,6.926105423730984,41,0.777878999710083,0.7706060409545898,1.3894720829994185,True,False,True,False,0.9704260702143016,0.7706060409545898,0.5914785957139684,6.926105423730984,41,False,,,,,,,,,
benchmark_dualmp_nl_dense_clutter_eval_dense_clutter.json,46,s1,neural,cbf,ok,False,s1_neural,False,True,False,0.5345940400058281,7.007791366976854,39,0.7847549915313721,0.7775020599365234,1.3743749590066727,True,False,True,False,0.9732702979997085,0.7775020599365234,0.5345940400058281,7.007791366976854,39,False,,,,,,,,,
benchmark_dualmp_nl_dense_clutter_eval_dense_clutter.json,47,s1,neural,cbf,ok,False,s1_neural,False,True,False,0.5532906732297452,7.048643526984121,44,0.7613439559936523,0.7540690898895264,1.3216356249904493,True,False,True,False,0.9723354663385128,0.7540690898895264,0.5532906732297452,7.048643526984121,44,False,,,,,,,,,
benchmark_dualmp_nl_dense_clutter_eval_dense_clutter.json,48,s1,neural,cbf,ok,False,s1_neural,False,True,False,0.5240805533712659,6.718377559058977,35,0.753809928894043,0.7466068267822266,1.348977792004007,True,False,True,False,0.9737959723314367,0.7466068267822266,0.5240805533712659,6.718377559058977,35,False,,,,,,,,,
benchmark_dualmp_nl_dense_clutter_eval_dense_clutter.json,49,s1,neural,cbf,ok,False,s1_neural,False,True,False,0.5739057519838116,6.587510492448142,37,0.7650141716003418,0.7577700614929199,1.3438879169989377,True,False,True,False,0.9713047124008094,0.7577700614929199,0.5739057519838116,6.587510492448142,37,False,,,,,,,,,
benchmark_dualmp_nl_dense_clutter_eval_dense_clutter.json,50,s1,neural,cbf,ok,False,s1_neural,False,True,False,0.580120054944003,6.877405042352568,40,0.7688908576965332,0.7613399028778076,1.383884584007319,True,False,True,False,0.9709939972527999,0.7613399028778076,0.580120054944003,6.877405042352568,40,False,,,,,,,,,
benchmark_dualmp_nl_dense_clutter_eval_dense_clutter.json,51,s1,neural,cbf,ok,False,s1_neural,False,True,False,0.5346238487619638,6.909351107886398,39,0.7821099758148193,0.7749030590057373,1.3940830000065034,True,False,True,False,0.9732688075619018,0.7749030590057373,0.5346238487619638,6.909351107886398,39,False,,,,,,,,,
benchmark_dualmp_nl_dense_clutter_eval_dense_clutter.json,52,s1,neural,cbf,ok,False,s1_neural,False,True,False,0.5664834425506955,6.902084276094546,39,0.7685322761535645,0.7613058090209961,1.3989923749904847,True,False,True,False,0.9716758278724652,0.7613058090209961,0.5664834425506955,6.902084276094546,39,False,,,,,,,,,
benchmark_dualmp_nl_dense_clutter_eval_dense_clutter.json,53,s1,neural,cbf,ok,False,s1_neural,False,True,False,0.5183477800989761,6.950035136562212,41,0.7774121761322021,0.7701268196105957,1.3871056249918183,True,False,True,False,0.9740826109950512,0.7701268196105957,0.5183477800989761,6.950035136562212,41,False,,,,,,,,,
benchmark_dualmp_nl_dense_clutter_eval_dense_clutter.json,54,s1,neural,cbf,ok,False,s1_neural,False,True,False,0.5534297481060528,6.953507989021623,40,0.7818629741668701,0.7745077610015869,1.3876497090095654,True,False,True,False,0.9723285125946973,0.7745077610015869,0.5534297481060528,6.953507989021623,40,False,,,,,,,,,
benchmark_dualmp_nl_dense_clutter_eval_dense_clutter.json,55,s1,neural,cbf,ok,False,s1_neural,False,True,False,0.5273810324034258,6.662612809286313,36,0.7652690410614014,0.7579317092895508,1.3824481670017121,True,False,True,False,0.9736309483798287,0.7579317092895508,0.5273810324034258,6.662612809286313,36,False,,,,,,,,,
benchmark_dualmp_nl_dense_clutter_eval_dense_clutter.json,56,s1,neural,cbf,ok,False,s1_neural,False,True,False,0.5420895378210704,6.883331487829629,37,0.7664749622344971,0.7593309879302979,1.3923221250006463,True,False,True,False,0.9728955231089464,0.7593309879302979,0.5420895378210704,6.883331487829629,37,False,,,,,,,,,
benchmark_dualmp_nl_dense_clutter_eval_dense_clutter.json,57,s1,neural,cbf,ok,False,s1_neural,False,True,False,0.576490384202267,6.852280900735941,40,0.7734029293060303,0.7661499977111816,1.4092409589939052,True,False,True,False,0.9711754807898867,0.7661499977111816,0.576490384202267,6.852280900735941,40,False,,,,,,,,,
benchmark_dualmp_nl_dense_clutter_eval_dense_clutter.json,58,s1,neural,cbf,ok,False,s1_neural,False,True,False,2.60463470081482,4.497455263267651,121,0.9511871337890625,0.9440062046051025,1.5989000420086086,True,False,True,False,0.189536529918518,0.9440062046051025,2.60463470081482,4.497455263267651,121,False,,,,,,,,,
benchmark_dualmp_nl_dense_clutter_eval_dense_clutter.json,59,s1,neural,cbf,ok,False,s1_neural,False,True,False,0.5292824189318066,6.937536265934816,39,0.7718000411987305,0.7646112442016602,1.3683685840078397,True,False,True,False,0.9735358790534097,0.7646112442016602,0.5292824189318066,6.937536265934816,39,False,,,,,,,,,
benchmark_dualmp_nl_dense_clutter_eval_dense_clutter.json,60,s1,neural,cbf,ok,False,s1_neural,False,True,False,0.5297312526401009,7.083450766995201,41,0.7698948383331299,0.7625672817230225,1.3957253749977099,True,False,True,False,0.973513437367995,0.7625672817230225,0.5297312526401009,7.083450766995201,41,False,,,,,,,,,
benchmark_dualmp_nl_dense_clutter_eval_dense_clutter.json,61,s1,neural,cbf,ok,False,s1_neural,False,True,False,3.479367572807496,3.8060135904791323,121,0.9589390754699707,0.9518258571624756,1.5816953749890672,True,False,True,False,0.10206324271925038,0.9518258571624756,3.479367572807496,3.8060135904791323,121,False,,,,,,,,,
benchmark_dualmp_nl_dense_clutter_eval_dense_clutter.json,62,s1,neural,cbf,ok,False,s1_neural,True,True,True,0.4801514005891723,6.966647258772449,38,0.7675528526306152,0.7602560520172119,1.3685353330074577,True,True,True,True,0.9759924299705414,0.7602560520172119,0.4801514005891723,6.966647258772449,38,False,,,,,,,,,
benchmark_dualmp_nl_dense_clutter_eval_dense_clutter.json,63,s1,neural,cbf,ok,False,s1_neural,False,True,False,0.507805309085362,6.920456631506284,35,0.7664480209350586,0.7592520713806152,1.3838690830016276,True,False,True,False,0.9746097345457319,0.7592520713806152,0.507805309085362,6.920456631506284,35,False,,,,,,,,,
benchmark_dualmp_nl_dense_clutter_eval_dense_clutter.json,64,s1,neural,cbf,ok,False,s1_neural,False,True,False,0.584722039170735,6.78434667694971,39,0.7744979858398438,0.7673361301422119,1.3889950839948142,True,False,True,False,0.9707638980414632,0.7673361301422119,0.584722039170735,6.78434667694971,39,False,,,,,,,,,
benchmark_dualmp_nl_dense_clutter_eval_dense_clutter.json,65,s1,neural,cbf,ok,False,s1_neural,False,True,False,4.672969327126277,2.4742237971914256,121,0.9222638607025146,0.9150791168212891,1.5403832500014687,True,False,True,False,0.0,0.9150791168212891,4.672969327126277,2.4742237971914256,121,False,,,,,,,,,
benchmark_dualmp_nl_dense_clutter_eval_dense_clutter.json,66,s1,neural,cbf,ok,False,s1_neural,False,True,False,0.5333371108750792,6.945994803400257,41,0.769946813583374,0.7628121376037598,1.367884374994901,True,False,True,False,0.9733331444562461,0.7628121376037598,0.5333371108750792,6.945994803400257,41,False,,,,,,,,,
benchmark_dualmp_nl_dense_clutter_eval_dense_clutter.json,67,s1,neural,cbf,ok,False,s1_neural,False,True,False,0.5272154001009667,6.959401887773677,40,0.7780749797821045,0.7707741260528564,1.3987252910010284,True,False,True,False,0.9736392299949517,0.7707741260528564,0.5272154001009667,6.959401887773677,40,False,,,,,,,,,
benchmark_dualmp_nl_dense_clutter_eval_dense_clutter.json,68,s1,neural,cbf,ok,False,s1_neural,False,True,False,0.5935771651141984,6.7949523733938495,37,0.7692661285400391,0.7620012760162354,1.3594398330023978,True,False,True,False,0.9703211417442901,0.7620012760162354,0.5935771651141984,6.7949523733938495,37,False,,,,,,,,,
benchmark_dualmp_nl_dense_clutter_eval_dense_clutter.json,69,s1,neural,cbf,ok,False,s1_neural,False,True,False,4.904206994824788,2.3848133893849885,121,0.9259231090545654,0.9187159538269043,1.5590142919973005,True,False,True,False,0.0,0.9187159538269043,4.904206994824788,2.3848133893849885,121,False,,,,,,,,,
benchmark_dualmp_nl_dense_clutter_eval_dense_clutter.json,70,s1,neural,cbf,ok,False,s1_neural,False,True,False,55.908230917180234,51.22161841352736,121,0.9809420108795166,0.973642110824585,1.5930801250069635,True,False,True,False,0.0,0.973642110824585,55.908230917180234,51.22161841352736,121,False,,,,,,,,,
benchmark_dualmp_nl_dense_clutter_eval_dense_clutter.json,71,s1,neural,cbf,ok,False,s1_neural,False,True,False,4.549405540101663,2.630514654963856,121,0.937920093536377,0.9306168556213379,1.5387712500087218,True,False,True,False,0.0,0.9306168556213379,4.549405540101663,2.630514654963856,121,False,,,,,,,,,
benchmark_dualmp_nl_dense_clutter_eval_dense_clutter.json,72,s1,neural,cbf,ok,False,s1_neural,False,True,False,0.5820510694737491,6.777880659560372,37,0.7590141296386719,0.7517480850219727,1.3632473749894416,True,False,True,False,0.9708974465263125,0.7517480850219727,0.5820510694737491,6.777880659560372,37,False,,,,,,,,,
benchmark_dualmp_nl_dense_clutter_eval_dense_clutter.json,73,s1,neural,cbf,ok,False,s1_neural,False,True,False,0.5484785229198668,6.901302150540262,37,0.7670881748199463,0.7598867416381836,1.3940920420136536,True,False,True,False,0.9725760738540067,0.7598867416381836,0.5484785229198668,6.901302150540262,37,False,,,,,,,,,
benchmark_dualmp_nl_dense_clutter_eval_dense_clutter.json,74,s1,neural,cbf,ok,False,s1_neural,True,True,True,0.4938176979956701,6.978828710459443,39,0.7663590908050537,0.7591800689697266,1.3750052499963203,True,True,True,True,0.9753091151002165,0.7591800689697266,0.4938176979956701,6.978828710459443,39,False,,,,,,,,,
benchmark_dualmp_nl_dense_clutter_eval_dense_clutter.json,75,s1,neural,cbf,ok,False,s1_neural,False,True,False,5.296713414803074,1.8820533797817758,121,0.9595589637756348,0.9523091316223145,1.5576934159907978,True,False,True,False,0.0,0.9523091316223145,5.296713414803074,1.8820533797817758,121,False,,,,,,,,,
benchmark_dualmp_nl_dense_clutter_eval_dense_clutter.json,76,s1,neural,cbf,ok,False,s1_neural,False,True,False,0.5672594237713864,7.020779837442764,58,0.8088879585266113,0.8016448020935059,1.4562380839925027,True,False,True,False,0.9716370288114307,0.8016448020935059,0.5672594237713864,7.020779837442764,58,False,,,,,,,,,
benchmark_dualmp_nl_dense_clutter_eval_dense_clutter.json,77,s1,neural,cbf,ok,False,s1_neural,False,True,False,0.523166047744791,6.8960840011617535,39,0.7795109748840332,0.7722508907318115,1.3967795419885078,True,False,True,False,0.9738416976127604,0.7722508907318115,0.523166047744791,6.8960840011617535,39,False,,,,,,,,,
benchmark_dualmp_nl_dense_clutter_eval_dense_clutter.json,78,s1,neural,cbf,ok,False,s1_neural,False,True,False,0.5988442992115188,6.764524850627744,39,0.7758641242980957,0.7685949802398682,1.3853387919953093,True,False,True,False,0.9700577850394241,0.7685949802398682,0.5988442992115188,6.764524850627744,39,False,,,,,,,,,
benchmark_dualmp_nl_dense_clutter_eval_dense_clutter.json,79,s1,neural,cbf,ok,False,s1_neural,False,True,False,5.215647290333351,1.8672296403577364,121,0.9764301776885986,0.969245195388794,1.651165791990934,True,False,True,False,0.0,0.969245195388794,5.215647290333351,1.8672296403577364,121,False,,,,,,,,,
benchmark_dualmp_nl_dense_clutter_eval_dense_clutter.json,80,s1,neural,cbf,ok,False,s1_neural,False,True,False,0.5447718677480081,6.872245767593949,42,0.8002359867095947,0.7923240661621094,1.4138753750012256,True,False,True,False,0.9727614066125996,0.7923240661621094,0.5447718677480081,6.872245767593949,42,False,,,,,,,,,
benchmark_dualmp_nl_dense_clutter_eval_dense_clutter.json,81,s1,neural,cbf,ok,False,s1_neural,True,True,True,0.48632147686423605,7.199224450375021,26,0.7644836902618408,0.7572329044342041,1.4262167499982752,True,True,True,True,0.9756839261567882,0.7572329044342041,0.48632147686423605,7.199224450375021,26,False,,,,,,,,,
benchmark_dualmp_nl_dense_clutter_eval_dense_clutter.json,82,s1,neural,cbf,ok,False,s1_neural,False,True,False,0.5480527065793747,7.007135732317178,41,0.7944929599761963,0.7871880531311035,1.4768195840006229,True,False,True,False,0.9725973646710313,0.7871880531311035,0.5480527065793747,7.007135732317178,41,False,,,,,,,,,
benchmark_dualmp_nl_dense_clutter_eval_dense_clutter.json,83,s1,neural,cbf,ok,False,s1_neural,False,True,False,37.22285819499295,33.29951984252358,121,0.9928250312805176,0.985626220703125,1.673029541008873,True,False,True,False,0.0,0.985626220703125,37.22285819499295,33.29951984252358,121,False,,,,,,,,,
benchmark_dualmp_nl_dense_clutter_eval_dense_clutter.json,84,s1,neural,cbf,ok,False,s1_neural,False,True,False,0.5913921635757314,6.868643736006956,45,0.792665958404541,0.7854540348052979,1.4379504169919528,True,False,True,False,0.9704303918212134,0.7854540348052979,0.5913921635757314,6.868643736006956,45,False,,,,,,,,,
benchmark_dualmp_nl_dense_clutter_eval_dense_clutter.json,85,s1,neural,cbf,ok,False,s1_neural,False,True,False,0.539728894917194,6.759898933597148,29,0.7447390556335449,0.7374041080474854,1.3860856250103097,True,False,True,False,0.9730135552541403,0.7374041080474854,0.539728894917194,6.759898933597148,29,False,,,,,,,,,
benchmark_dualmp_nl_dense_clutter_eval_dense_clutter.json,86,s1,neural,cbf,ok,False,s1_neural,False,True,False,120.50754530312217,115.34848673753305,121,0.9959640502929688,0.9887189865112305,1.6097681249957532,True,False,True,False,0.0,0.9887189865112305,120.50754530312217,115.34848673753305,121,False,,,,,,,,,
benchmark_dualmp_nl_dense_clutter_eval_dense_clutter.json,87,s1,neural,cbf,ok,False,s1_neural,False,True,False,8.067822186147861,1.9789202803683634,121,0.9088447093963623,0.9016313552856445,1.5473469169955933,True,False,True,False,0.0,0.9016313552856445,8.067822186147861,1.9789202803683634,121,False,,,,,,,,,
benchmark_dualmp_nl_dense_clutter_eval_dense_clutter.json,88,s1,neural,cbf,ok,False,s1_neural,True,True,True,0.46245215691109737,6.913055825739952,36,0.7592780590057373,0.7519030570983887,1.407436666006106,True,True,True,True,0.9768773921544451,0.7519030570983887,0.46245215691109737,6.913055825739952,36,False,,,,,,,,,
benchmark_dualmp_nl_dense_clutter_eval_dense_clutter.json,89,s1,neural,cbf,ok,False,s1_neural,True,True,True,0.45314425818943294,6.942867414510107,40,0.7804050445556641,0.7728440761566162,1.389742125000339,True,True,True,True,0.9773427870905284,0.7728440761566162,0.45314425818943294,6.942867414510107,40,False,,,,,,,,,
benchmark_dualmp_nl_dense_clutter_eval_dense_clutter.json,90,s1,neural,cbf,ok,False,s1_neural,False,True,False,2.8938320755952063,4.177497410540476,121,0.9230189323425293,0.9153220653533936,1.5439262090076227,True,False,True,False,0.16061679244047938,0.9153220653533936,2.8938320755952063,4.177497410540476,121,False,,,,,,,,,
benchmark_dualmp_nl_dense_clutter_eval_dense_clutter.json,91,s1,neural,cbf,ok,False,s1_neural,False,True,False,0.5961140455798095,6.842002933180236,40,0.7727260589599609,0.7655649185180664,1.4029362500004936,True,False,True,False,0.9701942977210095,0.7655649185180664,0.5961140455798095,6.842002933180236,40,False,,,,,,,,,
benchmark_dualmp_nl_dense_clutter_eval_dense_clutter.json,92,s1,neural,cbf,ok,False,s1_neural,False,True,False,0.5605453076686798,7.923032896827982,55,0.8112950325012207,0.8040809631347656,1.4186154170020018,True,False,True,False,0.971972734616566,0.8040809631347656,0.5605453076686798,7.923032896827982,55,False,,,,,,,,,
benchmark_dualmp_nl_dense_clutter_eval_dense_clutter.json,93,s1,neural,cbf,ok,False,s1_neural,False,True,False,0.5090256269464328,6.81462072785633,45,0.7900400161743164,0.7827463150024414,1.420470541997929,True,False,True,False,0.9745487186526783,0.7827463150024414,0.5090256269464328,6.81462072785633,45,False,,,,,,,,,
benchmark_dualmp_nl_dense_clutter_eval_dense_clutter.json,94,s1,neural,cbf,ok,False,s1_neural,False,True,False,0.5612370379986079,6.857997253873904,40,0.8076529502868652,0.8004672527313232,1.4478554160014028,True,False,True,False,0.9719381481000696,0.8004672527313232,0.5612370379986079,6.857997253873904,40,False,,,,,,,,,
benchmark_dualmp_nl_dense_clutter_eval_dense_clutter.json,95,s1,neural,cbf,ok,False,s1_neural,False,True,False,5.633113631150293,1.4408982285090517,121,0.9564220905303955,0.948930025100708,1.5888603339990368,True,False,True,False,0.0,0.948930025100708,5.633113631150293,1.4408982285090517,121,False,,,,,,,,,
benchmark_dualmp_nl_dense_clutter_eval_dense_clutter.json,96,s1,neural,cbf,ok,False,s1_neural,False,True,False,0.5976162258700163,6.811800091703739,40,0.7893190383911133,0.7817332744598389,1.419964250002522,True,False,True,False,0.9701191887064992,0.7817332744598389,0.5976162258700163,6.811800091703739,40,False,,,,,,,,,
benchmark_dualmp_nl_dense_clutter_eval_dense_clutter.json,97,s1,neural,cbf,ok,False,s1_neural,False,True,False,2.8916698073856533,4.213085779318179,121,0.9333808422088623,0.9261519908905029,1.5533002079901053,True,False,True,False,0.16083301926143467,0.9261519908905029,2.8916698073856533,4.213085779318179,121,False,,,,,,,,,
benchmark_dualmp_nl_dense_clutter_eval_dense_clutter.json,98,s1,neural,cbf,ok,False,s1_neural,False,True,False,0.5845854224694823,7.881945009456935,43,0.7942352294921875,0.7870848178863525,1.404078000006848,True,False,True,False,0.9707707288765259,0.7870848178863525,0.5845854224694823,7.881945009456935,43,False,,,,,,,,,
benchmark_dualmp_nl_dense_clutter_eval_dense_clutter.json,99,s1,neural,cbf,ok,False,s1_neural,False,True,False,0.548280775326532,6.8863293622268795,38,0.7780218124389648,0.7707760334014893,1.3982769579888554,True,False,True,False,0.9725859612336734,0.7707760334014893,0.548280775326532,6.8863293622268795,38,False,,,,,,,,,
benchmark_dualmp_nl_dense_clutter_eval_dense_clutter.json,100,s1,neural,cbf,ok,False,s1_neural,True,True,True,0.49063118381892323,8.191248968787889,41,0.7758550643920898,0.7685651779174805,1.4084947079973063,True,True,True,True,0.9754684408090538,0.7685651779174805,0.49063118381892323,8.191248968787889,41,False,,,,,,,,,
benchmark_dualmp_nl_dense_clutter_eval_dense_clutter.json,101,s1,neural,cbf,ok,False,s1_neural,False,True,False,0.5308406651334212,6.74371514103299,26,0.7518448829650879,0.7445418834686279,1.3655703749973327,True,False,True,False,0.973457966743329,0.7445418834686279,0.5308406651334212,6.74371514103299,26,False,,,,,,,,,
benchmark_dualmp_nl_dense_clutter_eval_dense_clutter.json,102,s1,neural,cbf,ok,False,s1_neural,False,True,False,0.587305756308363,6.9088619390818655,39,0.7817471027374268,0.7745451927185059,1.4141745420056395,True,False,True,False,0.9706347121845819,0.7745451927185059,0.587305756308363,6.9088619390818655,39,False,,,,,,,,,
benchmark_dualmp_nl_dense_clutter_eval_dense_clutter.json,103,s1,neural,cbf,ok,False,s1_neural,False,True,False,0.5936776580924525,7.005701120087357,40,0.770366907119751,0.7624900341033936,1.4166639169998234,True,False,True,False,0.9703161170953774,0.7624900341033936,0.5936776580924525,7.005701120087357,40,False,,,,,,,,,
benchmark_dualmp_nl_dense_clutter_eval_dense_clutter.json,104,s1,neural,cbf,ok,False,s1_neural,False,True,False,0.5786148109876348,6.7367418301310185,35,0.7533690929412842,0.7461786270141602,1.3717172920005396,True,False,True,False,0.9710692594506183,0.7461786270141602,0.5786148109876348,6.7367418301310185,35,False,,,,,,,,,
benchmark_dualmp_nl_dense_clutter_eval_dense_clutter.json,105,s1,neural,cbf,ok,False,s1_neural,False,True,False,4.664814475617276,2.4493423641592034,121,0.9589591026306152,0.9506099224090576,1.5659442089963704,True,False,True,False,0.0,0.9506099224090576,4.664814475617276,2.4493423641592034,121,False,,,,,,,,,
benchmark_dualmp_nl_dense_clutter_eval_dense_clutter.json,106,s1,neural,cbf,ok,False,s1_neural,True,True,True,0.44748344741098434,7.013310779996721,40,0.7948439121246338,0.7875969409942627,1.4415637909987709,True,True,True,True,0.9776258276294508,0.7875969409942627,0.44748344741098434,7.013310779996721,40,False,,,,,,,,,
benchmark_dualmp_nl_dense_clutter_eval_dense_clutter.json,107,s1,neural,cbf,ok,False,s1_neural,False,True,False,4.794143855718916,2.473336190222812,121,0.9322547912597656,0.924901008605957,1.5871648749889573,True,False,True,False,0.0,0.924901008605957,4.794143855718916,2.473336190222812,121,False,,,,,,,,,
benchmark_dualmp_nl_dense_clutter_eval_dense_clutter.json,108,s1,neural,cbf,ok,False,s1_neural,True,True,True,0.4546854698008794,6.6990071386458165,37,0.7862808704376221,0.7791180610656738,1.4027962090040091,True,True,True,True,0.977265726509956,0.7791180610656738,0.4546854698008794,6.6990071386458165,37,False,,,,,,,,,
benchmark_dualmp_nl_dense_clutter_eval_dense_clutter.json,109,s1,neural,cbf,ok,False,s1_neural,False,True,False,5.698875923088159,1.3975792052675344,121,0.953078031539917,0.945720911026001,1.5504270410019672,True,False,True,False,0.0,0.945720911026001,5.698875923088159,1.3975792052675344,121,False,,,,,,,,,
benchmark_dualmp_nl_dense_clutter_eval_dense_clutter.json,110,s1,neural,cbf,ok,False,s1_neural,False,True,False,0.5677604863788129,6.888185282676623,40,0.7911889553070068,0.7839639186859131,1.4080078330007382,True,False,True,False,0.9716119756810594,0.7839639186859131,0.5677604863788129,6.888185282676623,40,False,,,,,,,,,
benchmark_dualmp_nl_dense_clutter_eval_dense_clutter.json,111,s1,neural,cbf,ok,False,s1_neural,False,True,False,5.867520454795005,1.3755019522049652,121,0.9486629962921143,0.9414620399475098,1.5785301249998156,True,False,True,False,0.0,0.9414620399475098,5.867520454795005,1.3755019522049652,121,False,,,,,,,,,
benchmark_dualmp_nl_dense_clutter_eval_dense_clutter.json,112,s1,neural,cbf,ok,False,s1_neural,False,True,False,0.5850975448965186,6.804920054672732,36,0.8008871078491211,0.7932529449462891,1.4261714169988409,True,False,True,False,0.9707451227551741,0.7932529449462891,0.5850975448965186,6.804920054672732,36,False,,,,,,,,,
benchmark_dualmp_nl_dense_clutter_eval_dense_clutter.json,113,s1,neural,cbf,ok,False,s1_neural,False,True,False,3.1886234462140477,3.9935743544537226,121,1.000460147857666,0.993157148361206,1.6195959159958875,True,False,True,False,0.13113765537859523,0.993157148361206,3.1886234462140477,3.9935743544537226,121,False,,,,,,,,,
benchmark_dualmp_nl_dense_clutter_eval_dense_clutter.json,114,s1,neural,cbf,ok,False,s1_neural,False,True,False,0.5762702891374482,6.951475677344665,41,0.7751939296722412,0.7679851055145264,1.3675334580038907,True,False,True,False,0.9711864855431276,0.7679851055145264,0.5762702891374482,6.951475677344665,41,False,,,,,,,,,
benchmark_dualmp_nl_dense_clutter_eval_dense_clutter.json,115,s1,neural,cbf,ok,False,s1_neural,False,True,False,0.5870074164161019,6.888211970515086,37,0.7769050598144531,0.769665002822876,1.393087332995492,True,False,True,False,0.970649629179195,0.769665002822876,0.5870074164161019,6.888211970515086,37,False,,,,,,,,,
benchmark_dualmp_nl_dense_clutter_eval_dense_clutter.json,116,s1,neural,cbf,ok,False,s1_neural,False,True,False,4.084527049001361,3.0667785195379302,121,0.9687509536743164,0.9614701271057129,1.598759250002331,True,False,True,False,0.041547295099863935,0.9614701271057129,4.084527049001361,3.0667785195379302,121,False,,,,,,,,,
benchmark_dualmp_nl_dense_clutter_eval_dense_clutter.json,117,s1,neural,cbf,ok,False,s1_neural,False,True,False,0.5330078723226797,6.801425670706663,28,0.7498939037322998,0.7427122592926025,1.3773757079907227,True,False,True,False,0.973349606383866,0.7427122592926025,0.5330078723226797,6.801425670706663,28,False,,,,,,,,,
benchmark_dualmp_nl_dense_clutter_eval_dense_clutter.json,118,s1,neural,cbf,ok,False,s1_neural,False,True,False,0.5583523164998127,6.851091666538947,37,0.7614021301269531,0.7537899017333984,1.4120248749968596,True,False,True,False,0.9720823841750094,0.7537899017333984,0.5583523164998127,6.851091666538947,37,False,,,,,,,,,
benchmark_dualmp_nl_dense_clutter_eval_dense_clutter.json,119,s1,neural,cbf,ok,False,s1_neural,False,True,False,0.5672101276538798,6.8992550330096005,41,0.7893497943878174,0.7821671962738037,1.471620916010579,True,False,True,False,0.9716394936173061,0.7821671962738037,0.5672101276538798,6.8992550330096005,41,False,,,,,,,,,
benchmark_dualmp_nl_dense_clutter_eval_dense_clutter.json,120,s1,neural,cbf,ok,False,s1_neural,True,True,True,0.4922108151748933,7.0044934723077095,41,0.7905850410461426,0.7832510471343994,1.4072184169926913,True,True,True,True,0.9753894592412553,0.7832510471343994,0.4922108151748933,7.0044934723077095,41,False,,,,,,,,,
benchmark_dualmp_nl_dense_clutter_eval_dense_clutter.json,121,s1,neural,cbf,ok,False,s1_neural,False,True,False,0.531631791647509,6.850054619014484,44,0.7868130207061768,0.779364824295044,1.4177310829982162,True,False,True,False,0.9734184104176246,0.779364824295044,0.531631791647509,6.850054619014484,44,False,,,,,,,,,
benchmark_dualmp_nl_dense_clutter_eval_dense_clutter.json,122,s1,neural,cbf,ok,False,s1_neural,False,True,False,0.5304341469930273,7.027299794950805,58,0.8332998752593994,0.8260600566864014,1.4719744159956463,True,False,True,False,0.9734782926503487,0.8260600566864014,0.5304341469930273,7.027299794950805,58,False,,,,,,,,,
benchmark_dualmp_nl_dense_clutter_eval_dense_clutter.json,123,s1,neural,cbf,ok,False,s1_neural,False,True,False,0.5826310325444305,12.20596994995758,94,0.9120287895202637,0.9047369956970215,1.5784407499886584,True,False,True,False,0.9708684483727785,0.9047369956970215,0.5826310325444305,12.20596994995758,94,False,,,,,,,,,
benchmark_dualmp_nl_dense_clutter_eval_dense_clutter.json,124,s1,neural,cbf,ok,False,s1_neural,False,True,False,0.5770490169687968,8.969296798783873,35,0.7585439682006836,0.7512991428375244,1.3861132500023814,True,False,True,False,0.9711475491515602,0.7512991428375244,0.5770490169687968,8.969296798783873,35,False,,,,,,,,,
benchmark_dualmp_nl_dense_clutter_eval_dense_clutter.json,125,s1,neural,cbf,ok,False,s1_neural,False,True,False,0.571689523390175,6.812756358832437,38,0.7789440155029297,0.7713658809661865,1.4219046250073006,True,False,True,False,0.9714155238304912,0.7713658809661865,0.571689523390175,6.812756358832437,38,False,,,,,,,,,
benchmark_dualmp_nl_dense_clutter_eval_dense_clutter.json,126,s1,neural,cbf,ok,False,s1_neural,False,True,False,0.565947215878188,7.071367645976348,56,0.8247599601745605,0.8175809383392334,1.446708208997734,True,False,True,False,0.9717026392060906,0.8175809383392334,0.565947215878188,7.071367645976348,56,False,,,,,,,,,
benchmark_dualmp_nl_dense_clutter_eval_dense_clutter.json,127,s1,neural,cbf,ok,False,s1_neural,False,True,False,0.5683354606305137,6.909197860890732,38,0.7652549743652344,0.7581892013549805,1.3898569580051117,True,False,True,False,0.9715832269684743,0.7581892013549805,0.5683354606305137,6.909197860890732,38,False,,,,,,,,,
benchmark_dualmp_nl_dense_clutter_eval_dense_clutter.json,128,s1,neural,cbf,ok,False,s1_neural,False,True,False,0.5463914292089079,6.950231291460492,41,0.7999780178070068,0.7928190231323242,1.406480499994359,True,False,True,False,0.9726804285395546,0.7928190231323242,0.5463914292089079,6.950231291460492,41,False,,,,,,,,,
benchmark_dualmp_nl_dense_clutter_eval_dense_clutter.json,129,s1,neural,cbf,ok,False,s1_neural,False,True,False,0.5712555013433033,6.901468987757352,39,0.7665090560913086,0.7592318058013916,1.3679462909931317,True,False,True,False,0.9714372249328348,0.7592318058013916,0.5712555013433033,6.901468987757352,39,False,,,,,,,,,
benchmark_dualmp_nl_dense_clutter_eval_dense_clutter.json,130,s1,neural,cbf,ok,False,s1_neural,False,True,False,4.055481437449616,3.0881018954100616,121,0.9585859775543213,0.9513888359069824,1.6245827499951702,True,False,True,False,0.044451856255038336,0.9513888359069824,4.055481437449616,3.0881018954100616,121,False,,,,,,,,,
benchmark_dualmp_nl_dense_clutter_eval_dense_clutter.json,131,s1,neural,cbf,ok,False,s1_neural,False,True,False,0.5480338885008007,6.934273676337868,40,0.8107342720031738,0.8031008243560791,1.4070403749938123,True,False,True,False,0.97259830557496,0.8031008243560791,0.5480338885008007,6.934273676337868,40,False,,,,,,,,,
benchmark_dualmp_nl_dense_clutter_eval_dense_clutter.json,132,s1,neural,cbf,ok,False,s1_neural,True,True,True,0.492702837984702,7.367975603899295,40,0.8152530193328857,0.8076808452606201,1.4877709169959417,True,True,True,True,0.9753648581007649,0.8076808452606201,0.492702837984702,7.367975603899295,40,False,,,,,,,,,
benchmark_dualmp_nl_dense_clutter_eval_dense_clutter.json,133,s1,neural,cbf,ok,False,s1_neural,False,True,False,0.5973181020439462,6.744075985652751,38,0.8005900382995605,0.7931063175201416,1.5080967919930117,True,False,True,False,0.9701340948978027,0.7931063175201416,0.5973181020439462,6.744075985652751,38,False,,,,,,,,,
benchmark_dualmp_nl_dense_clutter_eval_dense_clutter.json,134,s1,neural,cbf,ok,False,s1_neural,True,True,True,0.49555078137330955,6.927435735921711,40,0.796576976776123,0.7893319129943848,1.4690049580094637,True,True,True,True,0.9752224609313345,0.7893319129943848,0.49555078137330955,6.927435735921711,40,False,,,,,,,,,
benchmark_dualmp_nl_dense_clutter_eval_dense_clutter.json,135,s1,neural,cbf,ok,False,s1_neural,False,True,False,0.5319488718764199,6.808602793642591,40,0.7933130264282227,0.7860817909240723,1.4667587080039084,True,False,True,False,0.973402556406179,0.7860817909240723,0.5319488718764199,6.808602793642591,40,False,,,,,,,,,
benchmark_dualmp_nl_dense_clutter_eval_dense_clutter.json,136,s1,neural,cbf,ok,False,s1_neural,False,True,False,0.5914007126552094,6.948799752660892,39,0.7823820114135742,0.7750892639160156,1.4031553329987219,True,False,True,False,0.9704299643672395,0.7750892639160156,0.5914007126552094,6.948799752660892,39,False,,,,,,,,,
benchmark_dualmp_nl_dense_clutter_eval_dense_clutter.json,137,s1,neural,cbf,ok,False,s1_neural,False,True,False,3.7152847131839506,3.3737283377403045,121,1.0015511512756348,0.994337797164917,1.6501854160014773,True,False,True,False,0.07847152868160495,0.994337797164917,3.7152847131839506,3.3737283377403045,121,False,,,,,,,,,
benchmark_dualmp_nl_dense_clutter_eval_dense_clutter.json,138,s1,neural,cbf,ok,False,s1_neural,False,True,False,0.5240583751194383,6.880919420632855,37,0.7736608982086182,0.7664139270782471,1.3989547499950277,True,False,True,False,0.9737970812440281,0.7664139270782471,0.5240583751194383,6.880919420632855,37,False,,,,,,,,,
benchmark_dualmp_nl_dense_clutter_eval_dense_clutter.json,139,s1,neural,cbf,ok,False,s1_neural,True,True,True,0.4647787269471051,7.000746677183589,39,0.7775681018829346,0.7704050540924072,1.3868075829959707,True,True,True,True,0.9767610636526447,0.7704050540924072,0.4647787269471051,7.000746677183589,39,False,,,,,,,,,
benchmark_dualmp_nl_dense_clutter_eval_dense_clutter.json,140,s1,neural,cbf,ok,False,s1_neural,True,True,True,0.46723270938250777,7.014422207202254,39,0.795219898223877,0.7880330085754395,1.408971458004089,True,True,True,True,0.9766383645308746,0.7880330085754395,0.46723270938250777,7.014422207202254,39,False,,,,,,,,,
benchmark_dualmp_nl_dense_clutter_eval_dense_clutter.json,141,s1,neural,cbf,ok,False,s1_neural,False,True,False,0.5465759508151061,6.829931729777137,37,0.7926139831542969,0.7852380275726318,1.3972427080007037,True,False,True,False,0.9726712024592447,0.7852380275726318,0.5465759508151061,6.829931729777137,37,False,,,,,,,,,
benchmark_dualmp_nl_dense_clutter_eval_dense_clutter.json,142,s1,neural,cbf,ok,False,s1_neural,False,True,False,5.192805576047657,1.9842025227440963,121,0.9333231449127197,0.926074743270874,1.5516567090089666,True,False,True,False,0.0,0.926074743270874,5.192805576047657,1.9842025227440963,121,False,,,,,,,,,
benchmark_dualmp_nl_dense_clutter_eval_dense_clutter.json,143,s1,neural,cbf,ok,False,s1_neural,False,True,False,0.5470567580745753,6.995019896353637,53,0.8172039985656738,0.8096251487731934,1.450765165995108,True,False,True,False,0.9726471620962712,0.8096251487731934,0.5470567580745753,6.995019896353637,53,False,,,,,,,,,
benchmark_dualmp_nl_dense_clutter_eval_dense_clutter.json,144,s1,neural,cbf,ok,False,s1_neural,True,True,True,0.49256704832135567,6.8183300465033785,37,0.7738549709320068,0.7665238380432129,1.3854899170110002,True,True,True,True,0.9753716475839322,0.7665238380432129,0.49256704832135567,6.8183300465033785,37,False,,,,,,,,,
benchmark_dualmp_nl_dense_clutter_eval_dense_clutter.json,145,s1,neural,cbf,ok,False,s1_neural,False,True,False,0.5782704718277983,6.755979872842478,36,0.7849147319793701,0.7777109146118164,1.4572129169973778,True,False,True,False,0.9710864764086101,0.7777109146118164,0.5782704718277983,6.755979872842478,36,False,,,,,,,,,
benchmark_dualmp_nl_dense_clutter_eval_dense_clutter.json,146,s1,neural,cbf,ok,False,s1_neural,False,True,False,0.5639232483606034,7.118535469704445,40,0.7926478385925293,0.7855250835418701,1.4610550000070361,True,False,True,False,0.9718038375819699,0.7855250835418701,0.5639232483606034,7.118535469704445,40,False,,,,,,,,,
benchmark_dualmp_nl_dense_clutter_eval_dense_clutter.json,147,s1,neural,cbf,ok,False,s1_neural,False,True,False,0.5881773566022013,8.627927784125397,66,0.811182975769043,0.8039059638977051,1.4489285409945296,True,False,True,False,0.9705911321698899,0.8039059638977051,0.5881773566022013,8.627927784125397,66,False,,,,,,,,,
benchmark_dualmp_nl_dense_clutter_eval_dense_clutter.json,148,s1,neural,cbf,ok,False,s1_neural,False,True,False,0.5303192720105538,7.304416435714978,43,0.7889111042022705,0.781606912612915,1.41210845799651,True,False,True,False,0.9734840363994723,0.781606912612915,0.5303192720105538,7.304416435714978,43,False,,,,,,,,,
benchmark_dualmp_nl_dense_clutter_eval_dense_clutter.json,149,s1,neural,cbf,ok,False,s1_neural,False,True,False,0.5723584858202838,6.865940897996247,37,0.7645339965820312,0.7573409080505371,1.377218791996711,True,False,True,False,0.9713820757089858,0.7573409080505371,0.5723584858202838,6.865940897996247,37,False,,,,,,,,,
benchmark_dualmp_nl_dense_clutter_eval_dense_clutter.json,150,s1,neural,cbf,ok,False,s1_neural,True,True,True,0.46002507177885227,7.357003319794945,51,0.8205628395080566,0.8132951259613037,1.4261887079919688,True,True,True,True,0.9769987464110574,0.8132951259613037,0.46002507177885227,7.357003319794945,51,False,,,,,,,,,
benchmark_dualmp_nl_dense_clutter_eval_dense_clutter.json,151,s1,neural,cbf,ok,False,s1_neural,False,True,False,0.5212580676580497,7.061930720079702,49,0.7971792221069336,0.7898838520050049,1.4057820410089334,True,False,True,False,0.9739370966170975,0.7898838520050049,0.5212580676580497,7.061930720079702,49,False,,,,,,,,,
benchmark_dualmp_nl_dense_clutter_eval_dense_clutter.json,152,s1,neural,cbf,ok,False,s1_neural,False,True,False,35.49965915464069,31.05244922835014,121,0.9571778774261475,0.9500370025634766,1.5549867500085384,True,False,True,False,0.0,0.9500370025634766,35.49965915464069,31.05244922835014,121,False,,,,,,,,,
benchmark_dualmp_nl_dense_clutter_eval_dense_clutter.json,153,s1,neural,cbf,ok,False,s1_neural,False,True,False,0.5581992108820979,7.092108409751621,26,0.7558751106262207,0.7486250400543213,1.3845881249872036,True,False,True,False,0.9720900394558951,0.7486250400543213,0.5581992108820979,7.092108409751621,26,False,,,,,,,,,
benchmark_dualmp_nl_dense_clutter_eval_dense_clutter.json,154,s1,neural,cbf,ok,False,s1_neural,False,True,False,43.18513567628572,38.58069923976609,121,0.9608058929443359,0.9535660743713379,1.5743241669988493,True,False,True,False,0.0,0.9535660743713379,43.18513567628572,38.58069923976609,121,False,,,,,,,,,
benchmark_dualmp_nl_dense_clutter_eval_dense_clutter.json,155,s1,neural,cbf,ok,False,s1_neural,True,True,True,0.4637987175846967,6.996187026678962,38,0.7742860317230225,0.7671029567718506,1.3645186249923427,True,True,True,True,0.9768100641207652,0.7671029567718506,0.4637987175846967,6.996187026678962,38,False,,,,,,,,,
benchmark_dualmp_nl_dense_clutter_eval_dense_clutter.json,156,s1,neural,cbf,ok,False,s1_neural,False,True,False,0.5148411061281744,6.949787222667782,39,0.7777919769287109,0.7706010341644287,1.4181355829932727,True,False,True,False,0.9742579446935913,0.7706010341644287,0.5148411061281744,6.949787222667782,39,False,,,,,,,,,
benchmark_dualmp_nl_dense_clutter_eval_dense_clutter.json,157,s1,neural,cbf,ok,False,s1_neural,True,True,True,0.4748280424578412,6.700978251307214,35,0.7710440158843994,0.7637300491333008,1.4164791249932023,True,True,True,True,0.9762585978771079,0.7637300491333008,0.4748280424578412,6.700978251307214,35,False,,,,,,,,,
benchmark_dualmp_nl_dense_clutter_eval_dense_clutter.json,158,s1,neural,cbf,ok,False,s1_neural,False,True,False,0.5436204392060678,8.264707116275712,43,0.7794809341430664,0.7720520496368408,1.38241495800321,True,False,True,False,0.9728189780396966,0.7720520496368408,0.5436204392060678,8.264707116275712,43,False,,,,,,,,,
benchmark_dualmp_nl_dense_clutter_eval_dense_clutter.json,159,s1,neural,cbf,ok,False,s1_neural,False,True,False,5.1407626995252516,2.1465482761157504,121,0.9657800197601318,0.9586770534515381,1.6000916250050068,True,False,True,False,0.0,0.9586770534515381,5.1407626995252516,2.1465482761157504,121,False,,,,,,,,,
benchmark_dualmp_nl_dense_clutter_eval_dense_clutter.json,160,s1,neural,cbf,ok,False,s1_neural,False,True,False,0.5817168309287993,6.817196531795724,40,0.7517440319061279,0.7446019649505615,1.4187828339927364,True,False,True,False,0.97091415845356,0.7446019649505615,0.5817168309287993,6.817196531795724,40,False,,,,,,,,,
benchmark_dualmp_nl_dense_clutter_eval_dense_clutter.json,161,s1,neural,cbf,ok,False,s1_neural,False,True,False,0.5982167042123543,6.9331342116132815,37,0.7728321552276611,0.7655587196350098,1.338515625000582,True,False,True,False,0.9700891647893823,0.7655587196350098,0.5982167042123543,6.9331342116132815,37,False,,,,,,,,,
benchmark_dualmp_nl_dense_clutter_eval_dense_clutter.json,162,s1,neural,cbf,ok,False,s1_neural,False,True,False,0.5382834329065428,7.314782716772194,36,0.7772088050842285,0.7699730396270752,1.4356347080029082,True,False,True,False,0.9730858283546728,0.7699730396270752,0.5382834329065428,7.314782716772194,36,False,,,,,,,,,
benchmark_dualmp_nl_dense_clutter_eval_dense_clutter.json,163,s1,neural,cbf,ok,False,s1_neural,False,True,False,0.5870086641462049,6.880210669196061,38,0.7628118991851807,0.7556216716766357,1.3979279580089496,True,False,True,False,0.9706495667926898,0.7556216716766357,0.5870086641462049,6.880210669196061,38,False,,,,,,,,,
benchmark_dualmp_nl_dense_clutter_eval_dense_clutter.json,164,s1,neural,cbf,ok,False,s1_neural,False,True,False,0.5786430443302691,6.863638025507044,34,0.7574877738952637,0.7501418590545654,1.382620250005857,True,False,True,False,0.9710678477834865,0.7501418590545654,0.5786430443302691,6.863638025507044,34,False,,,,,,,,,
benchmark_dualmp_nl_dense_clutter_eval_dense_clutter.json,165,s1,neural,cbf,ok,False,s1_neural,False,True,False,0.5400426607929377,7.25656469929815,44,0.7990188598632812,0.7918519973754883,1.3871984580036951,True,False,True,False,0.9729978669603531,0.7918519973754883,0.5400426607929377,7.25656469929815,44,False,,,,,,,,,
benchmark_dualmp_nl_dense_clutter_eval_dense_clutter.json,166,s1,neural,cbf,ok,False,s1_neural,False,True,False,3.9126469145160905,3.1628698393887413,121,0.9348139762878418,0.9276399612426758,1.567466250009602,True,False,True,False,0.05873530854839093,0.9276399612426758,3.9126469145160905,3.1628698393887413,121,False,,,,,,,,,
benchmark_dualmp_nl_dense_clutter_eval_dense_clutter.json,167,s1,neural,cbf,ok,False,s1_neural,False,True,False,0.5587830304624936,7.020079863109523,37,0.7598721981048584,0.7526540756225586,1.3963992499921005,True,False,True,False,0.9720608484768753,0.7526540756225586,0.5587830304624936,7.020079863109523,37,False,,,,,,,,,
benchmark_dualmp_nl_dense_clutter_eval_dense_clutter.json,168,s1,neural,cbf,ok,False,s1_neural,True,True,True,0.47410933511526965,7.4675576312830785,53,0.8080639839172363,0.8009140491485596,1.4319529170024907,True,True,True,True,0.9762945332442365,0.8009140491485596,0.47410933511526965,7.4675576312830785,53,False,,,,,,,,,
benchmark_dualmp_nl_dense_clutter_eval_dense_clutter.json,169,s1,neural,cbf,ok,False,s1_neural,False,True,False,0.5510062917515317,7.309614175012931,53,0.845156192779541,0.8379418849945068,1.4854802080080844,True,False,True,False,0.9724496854124234,0.8379418849945068,0.5510062917515317,7.309614175012931,53,False,,,,,,,,,
benchmark_dualmp_nl_dense_clutter_eval_dense_clutter.json,170,s1,neural,cbf,ok,False,s1_neural,False,True,False,4.52847683097362,2.6516254078078365,121,0.9239270687103271,0.916694164276123,1.5026911669992842,True,False,True,False,0.0,0.916694164276123,4.52847683097362,2.6516254078078365,121,False,,,,,,,,,
benchmark_dualmp_nl_dense_clutter_eval_dense_clutter.json,171,s1,neural,cbf,ok,False,s1_neural,False,True,False,0.502435016494707,7.28581114586165,28,0.7677533626556396,0.7605941295623779,1.3868884580006124,True,False,True,False,0.9748782491752647,0.7605941295623779,0.502435016494707,7.28581114586165,28,False,,,,,,,,,
benchmark_dualmp_nl_dense_clutter_eval_dense_clutter.json,172,s1,neural,cbf,ok,False,s1_neural,False,True,False,0.5036649491301706,6.741147652331418,27,0.7465810775756836,0.7393960952758789,1.3744874160038307,True,False,True,False,0.9748167525434914,0.7393960952758789,0.5036649491301706,6.741147652331418,27,False,,,,,,,,,
benchmark_dualmp_nl_dense_clutter_eval_dense_clutter.json,173,s1,neural,cbf,ok,False,s1_neural,False,True,False,5.412724167214384,1.7287715459317388,121,0.9400629997253418,0.9327139854431152,1.5652828330057673,True,False,True,False,0.0,0.9327139854431152,5.412724167214384,1.7287715459317388,121,False,,,,,,,,,
benchmark_dualmp_nl_dense_clutter_eval_dense_clutter.json,174,s1,neural,cbf,ok,False,s1_neural,False,True,False,5.681283439674579,1.448046056414924,121,0.941356897354126,0.9341280460357666,1.5584006669960218,True,False,True,False,0.0,0.9341280460357666,5.681283439674579,1.448046056414924,121,False,,,,,,,,,
benchmark_dualmp_nl_dense_clutter_eval_dense_clutter.json,175,s1,neural,cbf,ok,False,s1_neural,False,True,False,0.5010374034426597,6.916974746910997,44,0.7931661605834961,0.7859301567077637,1.419267374993069,True,False,True,False,0.974948129827867,0.7859301567077637,0.5010374034426597,6.916974746910997,44,False,,,,,,,,,
benchmark_dualmp_nl_dense_clutter_eval_dense_clutter.json,176,s1,neural,cbf,ok,False,s1_neural,False,True,False,0.5610104228963827,6.983762078071591,42,0.781965970993042,0.7747712135314941,1.4093413750088075,True,False,True,False,0.9719494788551809,0.7747712135314941,0.5610104228963827,6.983762078071591,42,False,,,,,,,,,
benchmark_dualmp_nl_dense_clutter_eval_dense_clutter.json,177,s1,neural,cbf,ok,False,s1_neural,False,True,False,0.5745560931482119,6.927314501298719,25,0.7382340431213379,0.731065034866333,1.3646465409983648,True,False,True,False,0.9712721953425894,0.731065034866333,0.5745560931482119,6.927314501298719,25,False,,,,,,,,,
benchmark_dualmp_nl_dense_clutter_eval_dense_clutter.json,178,s1,neural,cbf,ok,False,s1_neural,True,True,True,0.48272163673060536,6.915132890767887,37,0.766690731048584,0.7594959735870361,1.394021416999749,True,True,True,True,0.9758639181634697,0.7594959735870361,0.48272163673060536,6.915132890767887,37,False,,,,,,,,,
benchmark_dualmp_nl_dense_clutter_eval_dense_clutter.json,179,s1,neural,cbf,ok,False,s1_neural,False,True,False,0.5567804863321052,9.577675435072258,116,0.9421718120574951,0.9348928928375244,1.539823583996622,True,False,True,False,0.9721609756833948,0.9348928928375244,0.5567804863321052,9.577675435072258,116,False,,,,,,,,,
benchmark_dualmp_nl_dense_clutter_eval_dense_clutter.json,180,s1,neural,cbf,ok,False,s1_neural,False,True,False,0.5967362573325183,6.807859525720657,37,0.7784767150878906,0.771287202835083,1.4021039579965873,True,False,True,False,0.9701631871333741,0.771287202835083,0.5967362573325183,6.807859525720657,37,False,,,,,,,,,
benchmark_dualmp_nl_dense_clutter_eval_dense_clutter.json,181,s1,neural,cbf,ok,False,s1_neural,False,True,False,0.5577042696156389,6.918410332943299,37,0.7619099617004395,0.7541379928588867,1.415587208000943,True,False,True,False,0.972114786519218,0.7541379928588867,0.5577042696156389,6.918410332943299,37,False,,,,,,,,,
benchmark_dualmp_nl_dense_clutter_eval_dense_clutter.json,182,s1,neural,cbf,ok,False,s1_neural,False,True,False,0.5470017622092849,6.880060015559288,41,0.8006463050842285,0.793489933013916,1.4701639590057312,True,False,True,False,0.9726499118895358,0.793489933013916,0.5470017622092849,6.880060015559288,41,False,,,,,,,,,
benchmark_dualmp_nl_dense_clutter_eval_dense_clutter.json,183,s1,neural,cbf,ok,False,s1_neural,False,True,False,0.5927902665227045,6.903533453719687,38,0.7700510025024414,0.7627959251403809,1.4097295410028892,True,False,True,False,0.9703604866738648,0.7627959251403809,0.5927902665227045,6.903533453719687,38,False,,,,,,,,,
benchmark_dualmp_nl_dense_clutter_eval_dense_clutter.json,184,s1,neural,cbf,ok,False,s1_neural,False,True,False,0.513988912772427,7.025808170542529,36,0.7810750007629395,0.7738409042358398,1.4287150829914026,True,False,True,False,0.9743005543613786,0.7738409042358398,0.513988912772427,7.025808170542529,36,False,,,,,,,,,
benchmark_dualmp_nl_dense_clutter_eval_dense_clutter.json,185,s1,neural,cbf,ok,False,s1_neural,False,True,False,0.5975451631469876,6.850676471158771,38,0.7753880023956299,0.768204927444458,1.4070919590012636,True,False,True,False,0.9701227418426506,0.768204927444458,0.5975451631469876,6.850676471158771,38,False,,,,,,,,,
benchmark_dualmp_nl_dense_clutter_eval_dense_clutter.json,186,s1,neural,cbf,ok,False,s1_neural,False,True,False,0.5943989025139061,7.378491361980937,36,0.774735689163208,0.7676131725311279,1.4098926669976208,True,False,True,False,0.9702800548743047,0.7676131725311279,0.5943989025139061,7.378491361980937,36,False,,,,,,,,,
benchmark_dualmp_nl_dense_clutter_eval_dense_clutter.json,187,s1,neural,cbf,ok,False,s1_neural,False,True,False,2.755339087212322,4.468989899919123,121,0.9591958522796631,0.9519760608673096,1.5621152500098106,True,False,True,False,0.17446609127876778,0.9519760608673096,2.755339087212322,4.468989899919123,121,False,,,,,,,,,
benchmark_dualmp_nl_dense_clutter_eval_dense_clutter.json,188,s1,neural,cbf,ok,False,s1_neural,False,True,False,0.5858804422440476,7.061461900924873,46,0.8204450607299805,0.8125061988830566,1.4460198750020936,True,False,True,False,0.9707059778877977,0.8125061988830566,0.5858804422440476,7.061461900924873,46,False,,,,,,,,,
benchmark_dualmp_nl_dense_clutter_eval_dense_clutter.json,189,s1,neural,cbf,ok,False,s1_neural,False,True,False,0.5874415634625855,6.881240957023954,39,0.7697272300720215,0.7621681690216064,1.4424555000005057,True,False,True,False,0.9706279218268707,0.7621681690216064,0.5874415634625855,6.881240957023954,39,False,,,,,,,,,
benchmark_dualmp_nl_dense_clutter_eval_dense_clutter.json,190,s1,neural,cbf,ok,False,s1_neural,False,True,False,0.5867863771835818,6.880281329965685,37,0.7680680751800537,0.7608170509338379,1.3982739170023706,True,False,True,False,0.9706606811408209,0.7608170509338379,0.5867863771835818,6.880281329965685,37,False,,,,,,,,,
benchmark_dualmp_nl_dense_clutter_eval_dense_clutter.json,191,s1,neural,cbf,ok,False,s1_neural,False,True,False,0.5973513909898824,6.88109634589237,37,0.7658071517944336,0.7586159706115723,1.3865780000051018,True,False,True,False,0.9701324304505059,0.7586159706115723,0.5973513909898824,6.88109634589237,37,False,,,,,,,,,
benchmark_dualmp_nl_dense_clutter_eval_dense_clutter.json,192,s1,neural,cbf,ok,False,s1_neural,False,True,False,2.3907843740842396,4.766759278930438,121,0.9437370300292969,0.9364829063415527,1.5830121249891818,True,False,True,False,0.21092156259157605,0.9364829063415527,2.3907843740842396,4.766759278930438,121,False,,,,,,,,,
benchmark_dualmp_nl_dense_clutter_eval_dense_clutter.json,193,s1,neural,cbf,ok,False,s1_neural,True,True,True,0.4530918084951032,7.1708811208595105,40,0.7562668323516846,0.7490899562835693,1.3888520839973353,True,True,True,True,0.9773454095752449,0.7490899562835693,0.4530918084951032,7.1708811208595105,40,False,,,,,,,,,
benchmark_dualmp_nl_dense_clutter_eval_dense_clutter.json,194,s1,neural,cbf,ok,False,s1_neural,True,True,True,0.45779430744273575,7.006183625968902,27,0.7508528232574463,0.7436552047729492,1.3933516659890302,True,True,True,True,0.9771102846278632,0.7436552047729492,0.45779430744273575,7.006183625968902,27,False,,,,,,,,,
benchmark_dualmp_nl_dense_clutter_eval_dense_clutter.json,195,s1,neural,cbf,ok,False,s1_neural,True,True,True,0.4945338736137111,7.369749269564376,72,0.8747620582580566,0.867588996887207,1.502346375011257,True,True,True,True,0.9752733063193144,0.867588996887207,0.4945338736137111,7.369749269564376,72,False,,,,,,,,,
benchmark_dualmp_nl_dense_clutter_eval_dense_clutter.json,196,s1,neural,cbf,ok,False,s1_neural,False,True,False,4.9691474927391015,2.108310553301885,121,0.9271531105041504,0.9199678897857666,1.5401452079968294,True,False,True,False,0.0,0.9199678897857666,4.9691474927391015,2.108310553301885,121,False,,,,,,,,,
benchmark_dualmp_nl_dense_clutter_eval_dense_clutter.json,197,s1,neural,cbf,ok,False,s1_neural,False,True,False,0.5443220714036163,6.933517852935582,39,0.7651450634002686,0.7578690052032471,1.398390250004013,True,False,True,False,0.9727838964298192,0.7578690052032471,0.5443220714036163,6.933517852935582,39,False,,,,,,,,,
benchmark_dualmp_nl_dense_clutter_eval_dense_clutter.json,198,s1,neural,cbf,ok,False,s1_neural,False,True,False,0.5725572476020131,6.915007465123923,39,0.7647140026092529,0.7576022148132324,1.3636253750009928,True,False,True,False,0.9713721376198994,0.7576022148132324,0.5725572476020131,6.915007465123923,39,False,,,,,,,,,
benchmark_dualmp_nl_dense_clutter_eval_dense_clutter.json,199,s1,neural,cbf,ok,False,s1_neural,True,True,True,0.46383537504936756,7.1655566467529885,43,0.789564847946167,0.7822937965393066,1.4213699159881799,True,True,True,True,0.9768082312475316,0.7822937965393066,0.46383537504936756,7.1655566467529885,43,False,,,,,,,,,
benchmark_dualmp_nl_dense_clutter_eval_dense_clutter.json,200,s1,neural,cbf,ok,False,s1_neural,False,True,False,0.5771162479190383,6.826693694812648,35,0.7559001445770264,0.7486960887908936,1.3900779579998925,True,False,True,False,0.9711441876040481,0.7486960887908936,0.5771162479190383,6.826693694812648,35,False,,,,,,,,,
benchmark_dualmp_nl_dense_clutter_eval_dense_clutter.json,201,s1,neural,cbf,ok,False,s1_neural,False,True,False,0.594085690129527,6.820735867130281,39,0.7803430557250977,0.7730739116668701,1.449082457998884,True,False,True,False,0.9702957154935237,0.7730739116668701,0.594085690129527,6.820735867130281,39,False,,,,,,,,,
benchmark_dualmp_nl_dense_clutter_eval_dense_clutter.json,202,s1,neural,cbf,ok,False,s1_neural,False,True,False,0.5335402934934027,7.126421314777829,56,0.8028168678283691,0.7955319881439209,1.4469140000001062,True,False,True,False,0.9733229853253299,0.7955319881439209,0.5335402934934027,7.126421314777829,56,False,,,,,,,,,
benchmark_dualmp_nl_dense_clutter_eval_dense_clutter.json,203,s1,neural,cbf,ok,False,s1_neural,False,True,False,0.5261761645382347,6.908429498571771,38,0.7741348743438721,0.7669079303741455,1.3958124999917345,True,False,True,False,0.9736911917730883,0.7669079303741455,0.5261761645382347,6.908429498571771,38,False,,,,,,,,,
benchmark_dualmp_nl_dense_clutter_eval_dense_clutter.json,204,s1,neural,cbf,ok,False,s1_neural,True,True,True,0.45958330072330816,7.00180903759907,38,0.7669508457183838,0.7598421573638916,1.3980604999960633,True,True,True,True,0.9770208349638346,0.7598421573638916,0.45958330072330816,7.00180903759907,38,False,,,,,,,,,
benchmark_dualmp_nl_dense_clutter_eval_dense_clutter.json,205,s1,neural,cbf,ok,False,s1_neural,False,True,False,0.5875302368583527,6.921351127266001,56,0.7914130687713623,0.7841339111328125,1.503824083993095,True,False,True,False,0.9706234881570823,0.7841339111328125,0.5875302368583527,6.921351127266001,56,False,,,,,,,,,
benchmark_dualmp_nl_dense_clutter_eval_dense_clutter.json,206,s1,neural,cbf,ok,False,s1_neural,True,True,True,0.48886403364191316,6.85958687281909,38,0.7966740131378174,0.7894608974456787,1.4751348340068944,True,True,True,True,0.9755567983179043,0.7894608974456787,0.48886403364191316,6.85958687281909,38,False,,,,,,,,,
benchmark_dualmp_nl_dense_clutter_eval_dense_clutter.json,207,s1,neural,cbf,ok,False,s1_neural,False,True,False,0.596432654461269,7.108067183072998,39,0.7739801406860352,0.7668869495391846,1.403464624992921,True,False,True,False,0.9701783672769365,0.7668869495391846,0.596432654461269,7.108067183072998,39,False,,,,,,,,,
benchmark_dualmp_nl_dense_clutter_eval_dense_clutter.json,208,s1,neural,cbf,ok,False,s1_neural,True,True,True,0.4782652402116411,7.383364220920616,41,0.7765979766845703,0.7693259716033936,1.380310084001394,True,True,True,True,0.9760867379894179,0.7693259716033936,0.4782652402116411,7.383364220920616,41,False,,,,,,,,,
benchmark_dualmp_nl_dense_clutter_eval_dense_clutter.json,209,s1,neural,cbf,ok,False,s1_neural,False,True,False,0.5765493402447399,6.784848785051788,36,0.7944231033325195,0.7866311073303223,1.418661666000844,True,False,True,False,0.971172532987763,0.7866311073303223,0.5765493402447399,6.784848785051788,36,False,,,,,,,,,
benchmark_dualmp_nl_dense_clutter_eval_dense_clutter.json,210,s1,neural,cbf,ok,False,s1_neural,False,True,False,0.5588105250004699,6.78907233855909,38,0.7819738388061523,0.7745869159698486,1.416821874998277,True,False,True,False,0.9720594737499765,0.7745869159698486,0.5588105250004699,6.78907233855909,38,False,,,,,,,,,
benchmark_dualmp_nl_dense_clutter_eval_dense_clutter.json,211,s1,neural,cbf,ok,False,s1_neural,False,True,False,0.5577557759557048,6.884879500221319,37,0.7825620174407959,0.7752399444580078,1.488687500008382,True,False,True,False,0.9721122112022148,0.7752399444580078,0.5577557759557048,6.884879500221319,37,False,,,,,,,,,
benchmark_dualmp_nl_dense_clutter_eval_dense_clutter.json,212,s1,neural,cbf,ok,False,s1_neural,False,True,False,0.5246039017110059,6.9729536093520235,42,0.7716138362884521,0.7643539905548096,1.3872203339997213,True,False,True,False,0.9737698049144498,0.7643539905548096,0.5246039017110059,6.9729536093520235,42,False,,,,,,,,,
benchmark_dualmp_nl_dense_clutter_eval_dense_clutter.json,213,s1,neural,cbf,ok,False,s1_neural,False,True,False,5.426036103478218,1.7566420496353081,121,0.9189138412475586,0.9116830825805664,1.5535801669902867,True,False,True,False,0.0,0.9116830825805664,5.426036103478218,1.7566420496353081,121,False,,,,,,,,,
benchmark_dualmp_nl_dense_clutter_eval_dense_clutter.json,214,s1,neural,cbf,ok,False,s1_neural,False,True,False,0.5137159525924503,9.862600115773889,62,0.8472559452056885,0.839897871017456,1.4769533329963451,True,False,True,False,0.9743142023703775,0.839897871017456,0.5137159525924503,9.862600115773889,62,False,,,,,,,,,
benchmark_dualmp_nl_dense_clutter_eval_dense_clutter.json,215,s1,neural,cbf,ok,False,s1_neural,False,True,False,0.575346018204148,7.201009173018485,43,0.78261399269104,0.7753021717071533,1.4124875419947784,True,False,True,False,0.9712326990897926,0.7753021717071533,0.575346018204148,7.201009173018485,43,False,,,,,,,,,
benchmark_dualmp_nl_dense_clutter_eval_dense_clutter.json,216,s1,neural,cbf,ok,False,s1_neural,True,True,True,0.4955728567721787,6.9542266189823785,42,0.7928299903869629,0.7855100631713867,1.4020239579986082,True,True,True,True,0.975221357161391,0.7855100631713867,0.4955728567721787,6.9542266189823785,42,False,,,,,,,,,
benchmark_dualmp_nl_dense_clutter_eval_dense_clutter.json,217,s1,neural,cbf,ok,False,s1_neural,False,True,False,0.5585427414659228,7.679283961736092,42,0.7801289558410645,0.7728729248046875,1.3826581249886658,True,False,True,False,0.9720728629267039,0.7728729248046875,0.5585427414659228,7.679283961736092,42,False,,,,,,,,,
benchmark_dualmp_nl_dense_clutter_eval_dense_clutter.json,218,s1,neural,cbf,ok,False,s1_neural,False,True,False,0.5685435008280871,6.8036054219495155,40,0.774266242980957,0.7669129371643066,1.3907113330060383,True,False,True,False,0.9715728249585956,0.7669129371643066,0.5685435008280871,6.8036054219495155,40,False,,,,,,,,,
benchmark_dualmp_nl_dense_clutter_eval_dense_clutter.json,219,s1,neural,cbf,ok,False,s1_neural,False,True,False,0.5342780661358836,14.548433169303621,121,0.9901201725006104,0.9826672077178955,1.6591552080062684,True,False,True,False,0.9732860966932059,0.9826672077178955,0.5342780661358836,14.548433169303621,121,False,,,,,,,,,
benchmark_dualmp_nl_dense_clutter_eval_dense_clutter.json,220,s1,neural,cbf,ok,False,s1_neural,True,True,True,0.48205142634783793,6.6972080246935315,37,0.7888472080230713,0.7813777923583984,1.4555765829863958,True,True,True,True,0.9758974286826081,0.7813777923583984,0.48205142634783793,6.6972080246935315,37,False,,,,,,,,,
benchmark_dualmp_nl_dense_clutter_eval_dense_clutter.json,221,s1,neural,cbf,ok,False,s1_neural,True,True,True,0.47672256091882775,6.971392652631321,40,0.8106691837310791,0.8033101558685303,1.4564091249922058,True,True,True,True,0.9761638719540586,0.8033101558685303,0.47672256091882775,6.971392652631321,40,False,,,,,,,,,
benchmark_dualmp_nl_dense_clutter_eval_dense_clutter.json,222,s1,neural,cbf,ok,False,s1_neural,False,True,False,0.5932813474292853,6.881339401012753,37,0.7710928916931152,0.7638750076293945,1.395498875004705,True,False,True,False,0.9703359326285357,0.7638750076293945,0.5932813474292853,6.881339401012753,37,False,,,,,,,,,
benchmark_dualmp_nl_dense_clutter_eval_dense_clutter.json,223,s1,neural,cbf,ok,False,s1_neural,False,True,False,0.560480859667002,7.435860985403698,38,0.7712810039520264,0.7640142440795898,1.3780380000098376,True,False,True,False,0.9719759570166498,0.7640142440795898,0.560480859667002,7.435860985403698,38,False,,,,,,,,,
benchmark_dualmp_nl_dense_clutter_eval_dense_clutter.json,224,s1,neural,cbf,ok,False,s1_neural,False,True,False,0.51251686840518,7.143699039019941,51,0.7993800640106201,0.7921350002288818,1.4250638329976937,True,False,True,False,0.974374156579741,0.7921350002288818,0.51251686840518,7.143699039019941,51,False,,,,,,,,,
benchmark_dualmp_nl_dense_clutter_eval_dense_clutter.json,225,s1,neural,cbf,ok,False,s1_neural,False,True,False,0.5561923654207532,6.8945904415946435,40,0.7726321220397949,0.7653727531433105,1.3816439169895602,True,False,True,False,0.9721903817289623,0.7653727531433105,0.5561923654207532,6.8945904415946435,40,False,,,,,,,,,
benchmark_dualmp_nl_dense_clutter_eval_dense_clutter.json,226,s1,neural,cbf,ok,False,s1_neural,False,True,False,0.52018390463801,6.9829676818835775,41,0.7751710414886475,0.7681088447570801,1.3642263340007048,True,False,True,False,0.9739908047680995,0.7681088447570801,0.52018390463801,6.9829676818835775,41,False,,,,,,,,,
benchmark_dualmp_nl_dense_clutter_eval_dense_clutter.json,227,s1,neural,cbf,ok,False,s1_neural,False,True,False,0.5842361328087607,7.137797005090112,42,0.7847237586975098,0.7774889469146729,1.4077483339933679,True,False,True,False,0.970788193359562,0.7774889469146729,0.5842361328087607,7.137797005090112,42,False,,,,,,,,,
benchmark_dualmp_nl_dense_clutter_eval_dense_clutter.json,228,s1,neural,cbf,ok,False,s1_neural,False,True,False,11.595079708630362,9.102572163995946,121,0.9681961536407471,0.9609158039093018,1.5748931670095772,True,False,True,False,0.0,0.9609158039093018,11.595079708630362,9.102572163995946,121,False,,,,,,,,,
benchmark_dualmp_nl_dense_clutter_eval_dense_clutter.json,229,s1,neural,cbf,ok,False,s1_neural,False,True,False,0.53878777185992,7.266439938462391,25,0.7405178546905518,0.7332489490509033,1.3389832499960903,True,False,True,False,0.973060611407004,0.7332489490509033,0.53878777185992,7.266439938462391,25,False,,,,,,,,,
benchmark_dualmp_nl_dense_clutter_eval_dense_clutter.json,230,s1,neural,cbf,ok,False,s1_neural,False,True,False,0.5955420115889419,6.580814508332236,38,0.7813868522644043,0.774163007736206,1.406283958000131,True,False,True,False,0.970222899420553,0.774163007736206,0.5955420115889419,6.580814508332236,38,False,,,,,,,,,
benchmark_dualmp_nl_dense_clutter_eval_dense_clutter.json,231,s1,neural,cbf,ok,False,s1_neural,False,True,False,0.5346389460962082,6.934511737466995,41,0.7713780403137207,0.7641756534576416,1.3878818750090431,True,False,True,False,0.9732680526951896,0.7641756534576416,0.5346389460962082,6.934511737466995,41,False,,,,,,,,,
benchmark_dualmp_nl_dense_clutter_eval_dense_clutter.json,232,s1,neural,cbf,ok,False,s1_neural,False,True,False,0.5183719890268008,6.853951550815901,36,0.7481000423431396,0.7407979965209961,1.369297541998094,True,False,True,False,0.97408140054866,0.7407979965209961,0.5183719890268008,6.853951550815901,36,False,,,,,,,,,
benchmark_dualmp_nl_dense_clutter_eval_dense_clutter.json,233,s1,neural,cbf,ok,False,s1_neural,False,True,False,0.554594310740036,6.910716233305801,37,0.7756650447845459,0.7685260772705078,1.4010385829897132,True,False,True,False,0.9722702844629982,0.7685260772705078,0.554594310740036,6.910716233305801,37,False,,,,,,,,,
benchmark_dualmp_nl_dense_clutter_eval_dense_clutter.json,234,s1,neural,cbf,ok,False,s1_neural,False,True,False,0.5908709330618213,6.782338317198368,39,0.7774016857147217,0.7700929641723633,1.3999567919963738,True,False,True,False,0.9704564533469089,0.7700929641723633,0.5908709330618213,6.782338317198368,39,False,,,,,,,,,
benchmark_dualmp_nl_dense_clutter_eval_dense_clutter.json,235,s1,neural,cbf,ok,False,s1_neural,False,True,False,0.527427166688482,6.858624896042612,41,0.7795028686523438,0.7722101211547852,1.4082592079939786,True,False,True,False,0.973628641665576,0.7722101211547852,0.527427166688482,6.858624896042612,41,False,,,,,,,,,
benchmark_dualmp_nl_dense_clutter_eval_dense_clutter.json,236,s1,neural,cbf,ok,False,s1_neural,True,True,True,0.48931191701300397,6.919279078004483,38,0.782930850982666,0.7754199504852295,1.3833228330040583,True,True,True,True,0.9755344041493498,0.7754199504852295,0.48931191701300397,6.919279078004483,38,False,,,,,,,,,
benchmark_dualmp_nl_dense_clutter_eval_dense_clutter.json,237,s1,neural,cbf,ok,False,s1_neural,True,True,True,0.45946308252914775,6.89187626246951,36,0.7544078826904297,0.7472410202026367,1.3689144999952987,True,True,True,True,0.9770268458735426,0.7472410202026367,0.45946308252914775,6.89187626246951,36,False,,,,,,,,,
benchmark_dualmp_nl_dense_clutter_eval_dense_clutter.json,238,s1,neural,cbf,ok,False,s1_neural,True,True,True,0.4428244667242071,6.974897982654526,39,0.7794179916381836,0.7721989154815674,1.3990669999911916,True,True,True,True,0.9778587766637896,0.7721989154815674,0.4428244667242071,6.974897982654526,39,False,,,,,,,,,
benchmark_dualmp_nl_dense_clutter_eval_dense_clutter.json,239,s1,neural,cbf,ok,False,s1_neural,False,True,False,0.5838738395848154,6.971578056636211,44,0.7827649116516113,0.7755239009857178,1.3985074579977663,True,False,True,False,0.9708063080207592,0.7755239009857178,0.5838738395848154,6.971578056636211,44,False,,,,,,,,,
benchmark_dualmp_nl_dense_clutter_eval_dense_clutter.json,240,s1,neural,cbf,ok,False,s1_neural,False,True,False,5.510651266402956,1.6028375419445595,121,0.9514248371124268,0.9441978931427002,1.5593370410060743,True,False,True,False,0.0,0.9441978931427002,5.510651266402956,1.6028375419445595,121,False,,,,,,,,,
benchmark_dualmp_nl_dense_clutter_eval_dense_clutter.json,241,s1,neural,cbf,ok,False,s1_neural,False,True,False,0.5957125945246586,6.936922151731132,41,0.7610020637512207,0.7539026737213135,1.3896830000012415,True,False,True,False,0.9702143702737671,0.7539026737213135,0.5957125945246586,6.936922151731132,41,False,,,,,,,,,
benchmark_dualmp_nl_dense_clutter_eval_dense_clutter.json,242,s1,neural,cbf,ok,False,s1_neural,False,True,False,0.5196741518200839,8.556310580979117,68,0.845754861831665,0.8385143280029297,1.4507388330093818,True,False,True,False,0.9740162924089958,0.8385143280029297,0.5196741518200839,8.556310580979117,68,False,,,,,,,,,
benchmark_dualmp_nl_dense_clutter_eval_dense_clutter.json,243,s1,neural,cbf,ok,False,s1_neural,False,True,False,0.5164188125659971,6.891854931525797,40,0.753443717956543,0.7461769580841064,1.3833092920103809,True,False,True,False,0.9741790593717001,0.7461769580841064,0.5164188125659971,6.891854931525797,40,False,,,,,,,,,
benchmark_dualmp_nl_dense_clutter_eval_dense_clutter.json,244,s1,neural,cbf,ok,False,s1_neural,False,True,False,0.554714078384761,6.798125773444502,41,0.7797698974609375,0.7725722789764404,1.382415125000989,True,False,True,False,0.9722642960807619,0.7725722789764404,0.554714078384761,6.798125773444502,41,False,,,,,,,,,
benchmark_dualmp_nl_dense_clutter_eval_dense_clutter.json,245,s1,neural,cbf,ok,False,s1_neural,True,True,True,0.47838440748004724,6.755221770353202,27,0.7389156818389893,0.7316930294036865,1.355411708005704,True,True,True,True,0.9760807796259976,0.7316930294036865,0.47838440748004724,6.755221770353202,27,False,,,,,,,,,
benchmark_dualmp_nl_dense_clutter_eval_dense_clutter.json,246,s1,neural,cbf,ok,False,s1_neural,False,True,False,0.5828340288367149,9.898600999019541,62,0.8139669895172119,0.8068301677703857,1.4488065000041388,True,False,True,False,0.9708582985581643,0.8068301677703857,0.5828340288367149,9.898600999019541,62,False,,,,,,,,,
benchmark_dualmp_nl_dense_clutter_eval_dense_clutter.json,247,s1,neural,cbf,ok,False,s1_neural,False,True,False,0.544071507561328,7.161100631200786,51,0.7972030639648438,0.7898869514465332,1.4054799590085167,True,False,True,False,0.9727964246219336,0.7898869514465332,0.544071507561328,7.161100631200786,51,False,,,,,,,,,
benchmark_dualmp_nl_dense_clutter_eval_dense_clutter.json,248,s1,neural,cbf,ok,False,s1_neural,False,True,False,4.826567942312154,2.36121246455907,121,0.9542429447174072,0.947063684463501,1.5505591249966528,True,False,True,False,0.0,0.947063684463501,4.826567942312154,2.36121246455907,121,False,,,,,,,,,
benchmark_dualmp_nl_dense_clutter_eval_dense_clutter.json,249,s1,neural,cbf,ok,False,s1_neural,False,True,False,0.5687944538055905,7.046677512742643,44,0.8394942283630371,0.8320021629333496,1.4649210409988882,True,False,True,False,0.9715602773097205,0.8320021629333496,0.5687944538055905,7.046677512742643,44,False,,,,,,,,,
benchmark_dualmp_nl_dense_clutter_eval_dense_clutter.json,250,s1,neural,cbf,ok,False,s1_neural,False,True,False,8.322733347821112,11.559702476881561,121,0.9897022247314453,0.982558012008667,1.6009555829950841,True,False,True,False,0.0,0.982558012008667,8.322733347821112,11.559702476881561,121,False,,,,,,,,,
benchmark_dualmp_nl_dense_clutter_eval_dense_clutter.json,251,s1,neural,cbf,ok,False,s1_neural,False,True,False,0.5780250511204135,6.859503321746722,37,0.7728791236877441,0.7656288146972656,1.4039991250028834,True,False,True,False,0.9710987474439793,0.7656288146972656,0.5780250511204135,6.859503321746722,37,False,,,,,,,,,
benchmark_dualmp_nl_dense_clutter_eval_dense_clutter.json,252,s1,neural,cbf,ok,False,s1_neural,False,True,False,0.5942539033683356,6.828211265201709,30,0.7418699264526367,0.7343523502349854,1.365821916013374,True,False,True,False,0.9702873048315832,0.7343523502349854,0.5942539033683356,6.828211265201709,30,False,,,,,,,,,
benchmark_dualmp_nl_dense_clutter_eval_dense_clutter.json,253,s1,neural,cbf,ok,False,s1_neural,False,True,False,51.92113247689307,47.59293340578253,121,0.9680721759796143,0.960888147354126,1.58119045800413,True,False,True,False,0.0,0.960888147354126,51.92113247689307,47.59293340578253,121,False,,,,,,,,,
benchmark_dualmp_nl_dense_clutter_eval_dense_clutter.json,254,s1,neural,cbf,ok,False,s1_neural,False,True,False,0.5965805860968364,7.206514937661024,43,0.78460693359375,0.7774388790130615,1.4142129579995526,True,False,True,False,0.9701709706951582,0.7774388790130615,0.5965805860968364,7.206514937661024,43,False,,,,,,,,,
benchmark_dualmp_nl_dense_clutter_eval_dense_clutter.json,255,s1,neural,cbf,ok,False,s1_neural,False,True,False,3.6827247075376635,3.4865554014582365,121,0.9617879390716553,0.9543988704681396,1.5934180420008488,True,False,True,False,0.08172752924623367,0.9543988704681396,3.6827247075376635,3.4865554014582365,121,False,,,,,,,,,
benchmark_dualmp_nl_dense_clutter_eval_dense_clutter.json,256,s1,neural,cbf,ok,False,s1_neural,False,True,False,0.557901994530782,6.814532941708616,40,0.7813308238983154,0.7741298675537109,1.4254117910022615,True,False,True,False,0.9721049002734609,0.7741298675537109,0.557901994530782,6.814532941708616,40,False,,,,,,,,,
benchmark_dualmp_nl_dense_clutter_eval_dense_clutter.json,257,s1,neural,cbf,ok,False,s1_neural,False,True,False,0.5079284559344256,7.069923752013687,25,0.7423722743988037,0.7352461814880371,1.3515401249896968,True,False,True,False,0.9746035772032787,0.7352461814880371,0.5079284559344256,7.069923752013687,25,False,,,,,,,,,
benchmark_dualmp_nl_dense_clutter_eval_dense_clutter.json,258,s1,neural,cbf,ok,False,s1_neural,False,True,False,4.385475446477239,2.7793847686787965,121,0.9292190074920654,0.9219889640808105,1.5513254999968922,True,False,True,False,0.011452455352276125,0.9219889640808105,4.385475446477239,2.7793847686787965,121,False,,,,,,,,,
benchmark_dualmp_nl_dense_clutter_eval_dense_clutter.json,259,s1,neural,cbf,ok,False,s1_neural,False,True,False,0.5855489520546626,6.832355483253677,39,0.7754719257354736,0.7683088779449463,1.3975085419951938,True,False,True,False,0.9707225523972669,0.7683088779449463,0.5855489520546626,6.832355483253677,39,False,,,,,,,,,
benchmark_dualmp_nl_dense_clutter_eval_dense_clutter.json,260,s1,neural,cbf,ok,False,s1_neural,False,True,False,0.5202615260352578,6.846471152427763,38,0.8265049457550049,0.8191440105438232,1.4597056250058813,True,False,True,False,0.9739869236982371,0.8191440105438232,0.5202615260352578,6.846471152427763,38,False,,,,,,,,,
benchmark_dualmp_nl_dense_clutter_eval_dense_clutter.json,261,s1,neural,cbf,ok,False,s1_neural,False,True,False,0.5835797107581822,6.789951649083585,38,0.7899360656738281,0.7825112342834473,1.3934552090067882,True,False,True,False,0.9708210144620909,0.7825112342834473,0.5835797107581822,6.789951649083585,38,False,,,,,,,,,
benchmark_dualmp_nl_dense_clutter_eval_dense_clutter.json,262,s1,neural,cbf,ok,False,s1_neural,False,True,False,0.5743539035349591,6.902142320906065,37,0.7742681503295898,0.7668542861938477,1.4161121250072028,True,False,True,False,0.9712823048232521,0.7668542861938477,0.5743539035349591,6.902142320906065,37,False,,,,,,,,,
benchmark_dualmp_nl_dense_clutter_eval_dense_clutter.json,263,s1,neural,cbf,ok,False,s1_neural,False,True,False,0.5247502478628536,6.930671775311665,24,0.7649750709533691,0.757537841796875,1.4042319169966504,True,False,True,False,0.9737624876068574,0.757537841796875,0.5247502478628536,6.930671775311665,24,False,,,,,,,,,
benchmark_dualmp_nl_dense_clutter_eval_dense_clutter.json,264,s1,neural,cbf,ok,False,s1_neural,False,True,False,0.5057896931574208,6.857106561896154,37,0.8057510852813721,0.7985372543334961,1.429150457988726,True,False,True,False,0.9747105153421289,0.7985372543334961,0.5057896931574208,6.857106561896154,37,False,,,,,,,,,
benchmark_dualmp_nl_dense_clutter_eval_dense_clutter.json,265,s1,neural,cbf,ok,False,s1_neural,False,True,False,0.578111013634382,7.082839769714665,41,0.7881507873535156,0.7809290885925293,1.434618874991429,True,False,True,False,0.9710944493182809,0.7809290885925293,0.578111013634382,7.082839769714665,41,False,,,,,,,,,
benchmark_dualmp_nl_dense_clutter_eval_dense_clutter.json,266,s1,neural,cbf,ok,False,s1_neural,True,True,True,0.46069121598128654,6.954395021045044,40,0.7887618541717529,0.7812302112579346,1.4377697079908103,True,True,True,True,0.9769654392009357,0.7812302112579346,0.46069121598128654,6.954395021045044,40,False,,,,,,,,,
benchmark_dualmp_nl_dense_clutter_eval_dense_clutter.json,267,s1,neural,cbf,ok,False,s1_neural,False,True,False,0.5500916430244435,6.832873851908663,37,0.7843191623687744,0.777019739151001,1.4129068330075825,True,False,True,False,0.9724954178487778,0.777019739151001,0.5500916430244435,6.832873851908663,37,False,,,,,,,,,
benchmark_dualmp_nl_dense_clutter_eval_dense_clutter.json,268,s1,neural,cbf,ok,False,s1_neural,False,True,False,71.81499505641828,67.18127980973249,121,0.9823718070983887,0.9751358032226562,1.6220924590015784,True,False,True,False,0.0,0.9751358032226562,71.81499505641828,67.18127980973249,121,False,,,,,,,,,
benchmark_dualmp_nl_dense_clutter_eval_dense_clutter.json,269,s1,neural,cbf,ok,False,s1_neural,False,True,False,0.5960351596853491,6.7422325629114574,23,0.7542531490325928,0.7471060752868652,1.422267500005546,True,False,True,False,0.9701982420157326,0.7471060752868652,0.5960351596853491,6.7422325629114574,23,False,,,,,,,,,
benchmark_dualmp_nl_dense_clutter_eval_dense_clutter.json,270,s1,neural,cbf,ok,False,s1_neural,False,True,False,0.545962673818404,8.65395811924962,67,0.8568172454833984,0.8495728969573975,1.4656734999880427,True,False,True,False,0.9727018663090798,0.8495728969573975,0.545962673818404,8.65395811924962,67,False,,,,,,,,,
benchmark_dualmp_nl_dense_clutter_eval_dense_clutter.json,271,s1,neural,cbf,ok,False,s1_neural,False,True,False,0.5853837201998806,6.878914056210917,37,0.7912218570709229,0.784013032913208,1.4087148339895066,True,False,True,False,0.9707308139900059,0.784013032913208,0.5853837201998806,6.878914056210917,37,False,,,,,,,,,
benchmark_dualmp_nl_dense_clutter_eval_dense_clutter.json,272,s1,neural,cbf,ok,False,s1_neural,False,True,False,4.474976826076481,2.596201311077425,121,0.9595930576324463,0.9523870944976807,1.5918482499982929,True,False,True,False,0.002502317392351905,0.9523870944976807,4.474976826076481,2.596201311077425,121,False,,,,,,,,,
benchmark_dualmp_nl_dense_clutter_eval_dense_clutter.json,273,s1,neural,cbf,ok,False,s1_neural,False,True,False,4.4367796905512344,2.7581689886942247,121,0.9621093273162842,0.9540519714355469,1.6203366249974351,True,False,True,False,0.006322030944876544,0.9540519714355469,4.4367796905512344,2.7581689886942247,121,False,,,,,,,,,
benchmark_dualmp_nl_dense_clutter_eval_dense_clutter.json,274,s1,neural,cbf,ok,False,s1_neural,False,True,False,0.5654982451197007,6.7857920705413415,36,0.7774262428283691,0.7700138092041016,1.4338554999994813,True,False,True,False,0.971725087744015,0.7700138092041016,0.5654982451197007,6.7857920705413415,36,False,,,,,,,,,
benchmark_dualmp_nl_dense_clutter_eval_dense_clutter.json,275,s1,neural,cbf,ok,False,s1_neural,False,True,False,0.5380961070498272,6.98365398008969,60,0.8827452659606934,0.8745260238647461,1.5262199580029119,True,False,True,False,0.9730951946475086,0.8745260238647461,0.5380961070498272,6.98365398008969,60,False,,,,,,,,,
benchmark_dualmp_nl_dense_clutter_eval_dense_clutter.json,276,s1,neural,cbf,ok,False,s1_neural,False,True,False,0.5207846077891605,6.91568731277654,38,0.7888319492340088,0.7816011905670166,1.4305026660003932,True,False,True,False,0.973960769610542,0.7816011905670166,0.5207846077891605,6.91568731277654,38,False,,,,,,,,,
benchmark_dualmp_nl_dense_clutter_eval_dense_clutter.json,277,s1,neural,cbf,ok,False,s1_neural,False,True,False,0.5928929373023277,6.866256101373904,38,0.7872331142425537,0.7799291610717773,1.4065375409991248,True,False,True,False,0.9703553531348836,0.7799291610717773,0.5928929373023277,6.866256101373904,38,False,,,,,,,,,
benchmark_dualmp_nl_dense_clutter_eval_dense_clutter.json,278,s1,neural,cbf,ok,False,s1_neural,True,True,True,0.4761135848209057,6.877622349983481,40,0.7882061004638672,0.7809693813323975,1.398832915991079,True,True,True,True,0.9761943207589547,0.7809693813323975,0.4761135848209057,6.877622349983481,40,False,,,,,,,,,
benchmark_dualmp_nl_dense_clutter_eval_dense_clutter.json,279,s1,neural,cbf,ok,False,s1_neural,False,True,False,5.5753338832744435,1.5083750890807983,121,0.9620349407196045,0.9546768665313721,1.5715241249999963,True,False,True,False,0.0,0.9546768665313721,5.5753338832744435,1.5083750890807983,121,False,,,,,,,,,
benchmark_dualmp_nl_dense_clutter_eval_dense_clutter.json,280,s1,neural,cbf,ok,False,s1_neural,False,True,False,0.5355406671394357,6.906662164370332,39,0.8051738739013672,0.7979142665863037,1.4306744579953374,True,False,True,False,0.9732229666430282,0.7979142665863037,0.5355406671394357,6.906662164370332,39,False,,,,,,,,,
benchmark_dualmp_nl_dense_clutter_eval_dense_clutter.json,281,s1,neural,cbf,ok,False,s1_neural,False,True,False,0.5919560692918667,6.921527066520189,36,0.7974650859832764,0.7901687622070312,1.405922042002203,True,False,True,False,0.9704021965354067,0.7901687622070312,0.5919560692918667,6.921527066520189,36,False,,,,,,,,,
benchmark_dualmp_nl_dense_clutter_eval_dense_clutter.json,282,s1,neural,cbf,ok,False,s1_neural,False,True,False,6.065216722364155,1.0236171647979326,121,0.948674201965332,0.9414927959442139,1.592462542001158,True,False,True,False,0.0,0.9414927959442139,6.065216722364155,1.0236171647979326,121,False,,,,,,,,,
benchmark_dualmp_nl_dense_clutter_eval_dense_clutter.json,283,s1,neural,cbf,ok,False,s1_neural,False,True,False,0.5132946019123438,7.025233405835109,38,0.8000199794769287,0.7926530838012695,1.444814458998735,True,False,True,False,0.9743352699043828,0.7926530838012695,0.5132946019123438,7.025233405835109,38,False,,,,,,,,,
benchmark_dualmp_nl_dense_clutter_eval_dense_clutter.json,284,s1,neural,cbf,ok,False,s1_neural,True,True,True,0.4780410170441092,6.915307529634677,24,0.7628872394561768,0.7551910877227783,1.4202767079987098,True,True,True,True,0.9760979491477946,0.7551910877227783,0.4780410170441092,6.915307529634677,24,False,,,,,,,,,
benchmark_dualmp_nl_dense_clutter_eval_dense_clutter.json,285,s1,neural,cbf,ok,False,s1_neural,True,True,True,0.47567991602613785,7.039865864792542,41,0.8053109645843506,0.7979810237884521,1.4416052079905057,True,True,True,True,0.9762160041986931,0.7979810237884521,0.47567991602613785,7.039865864792542,41,False,,,,,,,,,
benchmark_dualmp_nl_dense_clutter_eval_dense_clutter.json,286,s1,neural,cbf,ok,False,s1_neural,False,True,False,0.5983644659982111,11.661050076274371,109,0.9447498321533203,0.9375512599945068,1.5511796250066254,True,False,True,False,0.9700817767000894,0.9375512599945068,0.5983644659982111,11.661050076274371,109,False,,,,,,,,,
benchmark_dualmp_nl_dense_clutter_eval_dense_clutter.json,287,s1,neural,cbf,ok,False,s1_neural,True,True,True,0.4431441200341026,7.083896887454921,41,0.7906289100646973,0.7832810878753662,1.414756333004334,True,True,True,True,0.9778427939982949,0.7832810878753662,0.4431441200341026,7.083896887454921,41,False,,,,,,,,,
benchmark_dualmp_nl_dense_clutter_eval_dense_clutter.json,288,s1,neural,cbf,ok,False,s1_neural,False,True,False,0.5857513223951493,7.0863015130805325,39,0.8021807670593262,0.7950201034545898,1.436192833003588,True,False,True,False,0.9707124338802425,0.7950201034545898,0.5857513223951493,7.0863015130805325,39,False,,,,,,,,,
benchmark_dualmp_nl_dense_clutter_eval_dense_clutter.json,289,s1,neural,cbf,ok,False,s1_neural,False,True,False,4.4031187442434065,2.7415690720806003,121,0.9778790473937988,0.9707598686218262,1.59568537499581,True,False,True,False,0.009688125575659345,0.9707598686218262,4.4031187442434065,2.7415690720806003,121,False,,,,,,,,,
benchmark_dualmp_nl_dense_clutter_eval_dense_clutter.json,290,s1,neural,cbf,ok,False,s1_neural,False,True,False,0.5887764919849089,6.7905692767811345,39,0.7838315963745117,0.7764780521392822,1.3876274159993045,True,False,True,False,0.9705611754007546,0.7764780521392822,0.5887764919849089,6.7905692767811345,39,False,,,,,,,,,
benchmark_dualmp_nl_dense_clutter_eval_dense_clutter.json,291,s1,neural,cbf,ok,False,s1_neural,False,True,False,4.3225499708458806,2.845638897337815,121,0.9976348876953125,0.990382194519043,1.631437542004278,True,False,True,False,0.017745002915411923,0.990382194519043,4.3225499708458806,2.845638897337815,121,False,,,,,,,,,
benchmark_dualmp_nl_dense_clutter_eval_dense_clutter.json,292,s1,neural,cbf,ok,False,s1_neural,False,True,False,0.5011913883971367,7.0218924592517435,37,0.7735681533813477,0.7664518356323242,1.4137983749969862,True,False,True,False,0.9749404305801431,0.7664518356323242,0.5011913883971367,7.0218924592517435,37,False,,,,,,,,,
benchmark_dualmp_nl_dense_clutter_eval_dense_clutter.json,293,s1,neural,cbf,ok,False,s1_neural,False,True,False,3.554850516446282,3.5254729479261067,121,0.9662542343139648,0.9589498043060303,1.5896346249937778,True,False,True,False,0.09451494835537183,0.9589498043060303,3.554850516446282,3.5254729479261067,121,False,,,,,,,,,
benchmark_dualmp_nl_dense_clutter_eval_dense_clutter.json,294,s1,neural,cbf,ok,False,s1_neural,False,True,False,0.5025801122386074,6.965922408082521,40,0.8060169219970703,0.7987420558929443,1.4267184160125908,True,False,True,False,0.9748709943880697,0.7987420558929443,0.5025801122386074,6.965922408082521,40,False,,,,,,,,,
benchmark_dualmp_nl_dense_clutter_eval_dense_clutter.json,295,s1,neural,cbf,ok,False,s1_neural,False,True,False,0.5171883260350999,7.577609126428965,36,0.7662599086761475,0.7588169574737549,1.4246553749981103,True,False,True,False,0.974140583698245,0.7588169574737549,0.5171883260350999,7.577609126428965,36,False,,,,,,,,,
benchmark_dualmp_nl_dense_clutter_eval_dense_clutter.json,296,s1,neural,cbf,ok,False,s1_neural,False,True,False,109.60721128495568,104.44062451304242,121,1.0141987800598145,1.0069239139556885,1.6475222919980297,True,False,True,False,0.0,1.0069239139556885,109.60721128495568,104.44062451304242,121,False,,,,,,,,,
benchmark_dualmp_nl_dense_clutter_eval_dense_clutter.json,297,s1,neural,cbf,ok,False,s1_neural,False,True,False,0.508537378507921,6.922169179638676,37,0.775007963180542,0.7676348686218262,1.4519003340101335,True,False,True,False,0.974573131074604,0.7676348686218262,0.508537378507921,6.922169179638676,37,False,,,,,,,,,
benchmark_dualmp_nl_dense_clutter_eval_dense_clutter.json,298,s1,neural,cbf,ok,False,s1_neural,False,True,False,0.5563317086679421,6.944219105478769,38,0.8007302284240723,0.7934179306030273,1.4107240419980371,True,False,True,False,0.9721834145666028,0.7934179306030273,0.5563317086679421,6.944219105478769,38,False,,,,,,,,,
benchmark_dualmp_nl_dense_clutter_eval_dense_clutter.json,299,s1,neural,cbf,ok,False,s1_neural,False,True,False,0.5635798352372065,6.921415350654175,38,0.787024736404419,0.7796049118041992,1.4224564169999212,True,False,True,False,0.9718210082381397,0.7796049118041992,0.5635798352372065,6.921415350654175,38,False,,,,,,,,,
benchmark_dualmp_nl_dense_clutter_eval_dense_clutter.json,300,s1,neural,cbf,ok,False,s1_neural,False,True,False,0.5900113890447626,6.743716725147899,41,0.8221099376678467,0.8146841526031494,1.4620563330099685,True,False,True,False,0.9704994305477619,0.8146841526031494,0.5900113890447626,6.743716725147899,41,False,,,,,,,,,
benchmark_dualmp_nl_dense_clutter_eval_dense_clutter.json,301,s1,neural,cbf,ok,False,s1_neural,True,True,True,0.4546875926803028,7.071405472123456,40,0.798332929611206,0.7911202907562256,1.4575159999949392,True,True,True,True,0.9772656203659849,0.7911202907562256,0.4546875926803028,7.071405472123456,40,False,,,,,,,,,
benchmark_dualmp_nl_dense_clutter_eval_dense_clutter.json,302,s1,neural,cbf,ok,False,s1_neural,False,True,False,0.5578456423994861,6.806190172612556,37,0.786700963973999,0.7794010639190674,1.4374681249901187,True,False,True,False,0.9721077178800257,0.7794010639190674,0.5578456423994861,6.806190172612556,37,False,,,,,,,,,
benchmark_dualmp_nl_dense_clutter_eval_dense_clutter.json,303,s1,neural,cbf,ok,False,s1_neural,False,True,False,3.926031539018331,3.3090906941237725,121,0.9670650959014893,0.9598448276519775,1.558689333993243,True,False,True,False,0.05739684609816692,0.9598448276519775,3.926031539018331,3.3090906941237725,121,False,,,,,,,,,
benchmark_dualmp_nl_dense_clutter_eval_dense_clutter.json,304,s1,neural,cbf,ok,False,s1_neural,False,True,False,0.5906111201042065,13.547882702805696,110,0.9334139823913574,0.9262421131134033,1.5403360829950543,True,False,True,False,0.9704694439947896,0.9262421131134033,0.5906111201042065,13.547882702805696,110,False,,,,,,,,,
benchmark_dualmp_nl_dense_clutter_eval_dense_clutter.json,305,s1,neural,cbf,ok,False,s1_neural,True,True,True,0.45600418135602966,14.718573262242368,91,0.8894860744476318,0.8822610378265381,1.5258147499989718,True,True,True,True,0.9771997909321986,0.8822610378265381,0.45600418135602966,14.718573262242368,91,False,,,,,,,,,
benchmark_dualmp_nl_dense_clutter_eval_dense_clutter.json,306,s1,neural,cbf,ok,False,s1_neural,False,True,False,0.5937743316867614,6.959436677841842,39,0.7926459312438965,0.7853147983551025,1.4232760830054758,True,False,True,False,0.970311283415662,0.7853147983551025,0.5937743316867614,6.959436677841842,39,False,,,,,,,,,
benchmark_dualmp_nl_dense_clutter_eval_dense_clutter.json,307,s1,neural,cbf,ok,False,s1_neural,False,True,False,0.519553676311961,6.986344314798975,39,0.7779059410095215,0.770747184753418,1.3855452919960953,True,False,True,False,0.9740223161844019,0.770747184753418,0.519553676311961,6.986344314798975,39,False,,,,,,,,,
benchmark_dualmp_nl_dense_clutter_eval_dense_clutter.json,308,s1,neural,cbf,ok,False,s1_neural,False,True,False,0.5816355229593971,8.919828341280093,68,0.822443962097168,0.8150999546051025,1.4078094580036122,True,False,True,False,0.9709182238520302,0.8150999546051025,0.5816355229593971,8.919828341280093,68,False,,,,,,,,,
benchmark_dualmp_nl_dense_clutter_eval_dense_clutter.json,309,s1,neural,cbf,ok,False,s1_neural,False,True,False,0.5757362427262452,6.754792475010812,26,0.7578980922698975,0.7501258850097656,1.3848401660070522,True,False,True,False,0.9712131878636877,0.7501258850097656,0.5757362427262452,6.754792475010812,26,False,,,,,,,,,
benchmark_dualmp_nl_dense_clutter_eval_dense_clutter.json,310,s1,neural,cbf,ok,False,s1_neural,False,True,False,0.5885608968387646,7.293512474866798,55,0.8258450031280518,0.8184401988983154,1.4604077499971027,True,False,True,False,0.9705719551580618,0.8184401988983154,0.5885608968387646,7.293512474866798,55,False,,,,,,,,,
benchmark_dualmp_nl_dense_clutter_eval_dense_clutter.json,311,s1,neural,cbf,ok,False,s1_neural,False,True,False,0.5649471675441743,6.8555520049932,39,0.7923760414123535,0.7852840423583984,1.4191074580012355,True,False,True,False,0.9717526416227913,0.7852840423583984,0.5649471675441743,6.8555520049932,39,False,,,,,,,,,
benchmark_dualmp_nl_dense_clutter_eval_dense_clutter.json,312,s1,neural,cbf,ok,False,s1_neural,False,True,False,0.5298642339368961,6.8550374811311645,36,0.7649638652801514,0.7576220035552979,1.3966640829894459,True,False,True,False,0.9735067883031552,0.7576220035552979,0.5298642339368961,6.8550374811311645,36,False,,,,,,,,,
benchmark_dualmp_nl_dense_clutter_eval_dense_clutter.json,313,s1,neural,cbf,ok,False,s1_neural,False,True,False,0.5051743630830471,8.02088512060844,41,0.7612709999084473,0.7540287971496582,1.4987052500073332,True,False,True,False,0.9747412818458476,0.7540287971496582,0.5051743630830471,8.02088512060844,41,False,,,,,,,,,
benchmark_dualmp_nl_dense_clutter_eval_dense_clutter.json,314,s1,neural,cbf,ok,False,s1_neural,False,True,False,0.5462557546979996,6.922660049221151,39,0.7800650596618652,0.7729392051696777,1.4227342079975642,True,False,True,False,0.9726872122651,0.7729392051696777,0.5462557546979996,6.922660049221151,39,False,,,,,,,,,
benchmark_dualmp_nl_dense_clutter_eval_dense_clutter.json,315,s1,neural,cbf,ok,False,s1_neural,False,True,False,0.5878853083549129,6.846527540606372,38,0.7676708698272705,0.7604689598083496,1.39367133298947,True,False,True,False,0.9706057345822543,0.7604689598083496,0.5878853083549129,6.846527540606372,38,False,,,,,,,,,
benchmark_dualmp_nl_dense_clutter_eval_dense_clutter.json,316,s1,neural,cbf,ok,False,s1_neural,False,True,False,0.5171042574811319,6.924314429117448,36,0.7719161510467529,0.7645471096038818,1.3952169999975013,True,False,True,False,0.9741447871259434,0.7645471096038818,0.5171042574811319,6.924314429117448,36,False,,,,,,,,,
benchmark_dualmp_nl_dense_clutter_eval_dense_clutter.json,317,s1,neural,cbf,ok,False,s1_neural,False,True,False,3.30412958302653,3.8680502871726667,121,0.9671618938446045,0.9599010944366455,1.5616785000020172,True,False,True,False,0.11958704169734702,0.9599010944366455,3.30412958302653,3.8680502871726667,121,False,,,,,,,,,
benchmark_dualmp_nl_dense_clutter_eval_dense_clutter.json,318,s1,neural,cbf,ok,False,s1_neural,False,True,False,0.5426087866433639,7.533437490466164,55,0.8095788955688477,0.8024108409881592,1.4425441669882275,True,False,True,False,0.9728695606678318,0.8024108409881592,0.5426087866433639,7.533437490466164,55,False,,,,,,,,,
benchmark_dualmp_nl_dense_clutter_eval_dense_clutter.json,319,s1,neural,cbf,ok,False,s1_neural,False,True,False,0.5578182829604625,6.84005707650984,43,0.8034670352935791,0.796302080154419,1.4305219999951078,True,False,True,False,0.9721090858519769,0.796302080154419,0.5578182829604625,6.84005707650984,43,False,,,,,,,,,
benchmark_dualmp_nl_dense_clutter_eval_dense_clutter.json,320,s1,neural,cbf,ok,False,s1_neural,False,True,False,0.5281195565605971,7.64097672955912,36,0.7423639297485352,0.7352468967437744,1.3374630409962265,True,False,True,False,0.9735940221719701,0.7352468967437744,0.5281195565605971,7.64097672955912,36,False,,,,,,,,,
benchmark_dualmp_nl_dense_clutter_eval_dense_clutter.json,321,s1,neural,cbf,ok,False,s1_neural,False,True,False,0.5044130617396327,6.977349279636055,40,0.7627778053283691,0.7554922103881836,1.3712868750008056,True,False,True,False,0.9747793469130184,0.7554922103881836,0.5044130617396327,6.977349279636055,40,False,,,,,,,,,
benchmark_dualmp_nl_dense_clutter_eval_dense_clutter.json,322,s1,neural,cbf,ok,False,s1_neural,False,True,False,0.5948414969303857,6.728851824426258,36,0.7947089672088623,0.7874069213867188,1.4331413750041975,True,False,True,False,0.9702579251534807,0.7874069213867188,0.5948414969303857,6.728851824426258,36,False,,,,,,,,,
benchmark_dualmp_nl_dense_clutter_eval_dense_clutter.json,323,s1,neural,cbf,ok,False,s1_neural,False,True,False,0.5565734703238115,7.709627113998405,35,0.8063170909881592,0.7987499237060547,1.4457411250041332,True,False,True,False,0.9721713264838094,0.7987499237060547,0.5565734703238115,7.709627113998405,35,False,,,,,,,,,
benchmark_dualmp_nl_dense_clutter_eval_dense_clutter.json,324,s1,neural,cbf,ok,False,s1_neural,False,True,False,0.597139116089391,6.699446546447504,38,0.7734591960906982,0.7662510871887207,1.469621250013006,True,False,True,False,0.9701430441955304,0.7662510871887207,0.597139116089391,6.699446546447504,38,False,,,,,,,,,
benchmark_dualmp_nl_dense_clutter_eval_dense_clutter.json,325,s1,neural,cbf,ok,False,s1_neural,False,True,False,3.7716069577156817,3.307391845886991,121,0.9644289016723633,0.9568867683410645,1.6060885000042617,True,False,True,False,0.07283930422843182,0.9568867683410645,3.7716069577156817,3.307391845886991,121,False,,,,,,,,,
benchmark_dualmp_nl_dense_clutter_eval_dense_clutter.json,326,s1,neural,cbf,ok,False,s1_neural,False,True,False,0.5944071109681229,6.940917373711843,40,0.7695801258087158,0.7623870372772217,1.376709625008516,True,False,True,False,0.9702796444515939,0.7623870372772217,0.5944071109681229,6.940917373711843,40,False,,,,,,,,,
benchmark_dualmp_nl_dense_clutter_eval_dense_clutter.json,327,s1,neural,cbf,ok,False,s1_neural,False,True,False,0.5883764072762173,6.927727168193745,40,0.7707951068878174,0.7636520862579346,1.3898022499924991,True,False,True,False,0.9705811796361892,0.7636520862579346,0.5883764072762173,6.927727168193745,40,False,,,,,,,,,
benchmark_dualmp_nl_dense_clutter_eval_dense_clutter.json,328,s1,neural,cbf,ok,False,s1_neural,False,True,False,0.5314797085842159,6.889094989170722,39,0.804858922958374,0.7976300716400146,1.4472641250031302,True,False,True,False,0.9734260145707893,0.7976300716400146,0.5314797085842159,6.889094989170722,39,False,,,,,,,,,
benchmark_dualmp_nl_dense_clutter_eval_dense_clutter.json,329,s1,neural,cbf,ok,False,s1_neural,True,True,True,0.4874364023732435,6.6522714705277295,38,0.7639338970184326,0.7567989826202393,1.3900307080039056,True,True,True,True,0.9756281798813379,0.7567989826202393,0.4874364023732435,6.6522714705277295,38,False,,,,,,,,,
benchmark_dualmp_nl_dense_clutter_eval_dense_clutter.json,330,s1,neural,cbf,ok,False,s1_neural,False,True,False,4.169831465773046,3.008003811369853,121,0.9800119400024414,0.9726541042327881,1.5814390419982374,True,False,True,False,0.03301685342269539,0.9726541042327881,4.169831465773046,3.008003811369853,121,False,,,,,,,,,
benchmark_dualmp_nl_dense_clutter_eval_dense_clutter.json,331,s1,neural,cbf,ok,False,s1_neural,False,True,False,0.5892860942597911,7.09545131722299,41,0.7736859321594238,0.7658863067626953,1.3954555410018656,True,False,True,False,0.9705356952870104,0.7658863067626953,0.5892860942597911,7.09545131722299,41,False,,,,,,,,,
benchmark_dualmp_nl_dense_clutter_eval_dense_clutter.json,332,s1,neural,cbf,ok,False,s1_neural,False,True,False,0.508306847844131,6.916043229737102,37,0.774399995803833,0.7672429084777832,1.4046071249904344,True,False,True,False,0.9745846576077934,0.7672429084777832,0.508306847844131,6.916043229737102,37,False,,,,,,,,,
benchmark_dualmp_nl_dense_clutter_eval_dense_clutter.json,333,s1,neural,cbf,ok,False,s1_neural,False,True,False,0.5843094668039169,6.85059009653994,40,0.7911360263824463,0.7839548587799072,1.3993395830038935,True,False,True,False,0.9707845266598042,0.7839548587799072,0.5843094668039169,6.85059009653994,40,False,,,,,,,,,
benchmark_dualmp_nl_dense_clutter_eval_dense_clutter.json,334,s1,neural,cbf,ok,False,s1_neural,False,True,False,0.5641765606334982,6.830016760171866,24,0.720491886138916,0.7133581638336182,1.3675950829929207,True,False,True,False,0.9717911719683251,0.7133581638336182,0.5641765606334982,6.830016760171866,24,False,,,,,,,,,
benchmark_dualmp_nl_dense_clutter_eval_dense_clutter.json,335,s1,neural,cbf,ok,False,s1_neural,False,True,False,0.5496690443577883,6.797032264474702,23,0.7311592102050781,0.7240440845489502,1.332635583996307,True,False,True,False,0.9725165477821106,0.7240440845489502,0.5496690443577883,6.797032264474702,23,False,,,,,,,,,
benchmark_dualmp_nl_dense_clutter_eval_dense_clutter.json,336,s1,neural,cbf,ok,False,s1_neural,False,True,False,0.5606731863563231,6.905533168728061,39,0.7693841457366943,0.7621269226074219,1.427973000012571,True,False,True,False,0.9719663406821838,0.7621269226074219,0.5606731863563231,6.905533168728061,39,False,,,,,,,,,
benchmark_dualmp_nl_dense_clutter_eval_dense_clutter.json,337,s1,neural,cbf,ok,False,s1_neural,False,True,False,0.5922852866405087,6.798783409181683,40,0.7915241718292236,0.7840900421142578,1.417470875006984,True,False,True,False,0.9703857356679746,0.7840900421142578,0.5922852866405087,6.798783409181683,40,False,,,,,,,,,
benchmark_dualmp_nl_dense_clutter_eval_dense_clutter.json,338,s1,neural,cbf,ok,False,s1_neural,False,True,False,0.5874054329695776,6.796916662563801,40,0.7963738441467285,0.7890088558197021,1.4253472080017673,True,False,True,False,0.9706297283515212,0.7890088558197021,0.5874054329695776,6.796916662563801,40,False,,,,,,,,,
benchmark_dualmp_nl_dense_clutter_eval_dense_clutter.json,339,s1,neural,cbf,ok,False,s1_neural,False,True,False,0.5619914424957718,6.97335949429001,38,0.7780630588531494,0.7705037593841553,1.4403955829911865,True,False,True,False,0.9719004278752114,0.7705037593841553,0.5619914424957718,6.97335949429001,38,False,,,,,,,,,
benchmark_dualmp_nl_dense_clutter_eval_dense_clutter.json,340,s1,neural,cbf,ok,False,s1_neural,False,True,False,4.349179489767773,2.8026093120445466,121,0.9383759498596191,0.9305500984191895,1.5327198329905514,True,False,True,False,0.015082051023222631,0.9305500984191895,4.349179489767773,2.8026093120445466,121,False,,,,,,,,,
benchmark_dualmp_nl_dense_clutter_eval_dense_clutter.json,341,s1,neural,cbf,ok,False,s1_neural,False,True,False,3.473363993010495,3.6331106181385806,121,0.9558000564575195,0.9485280513763428,1.5776823330088519,True,False,True,False,0.10266360069895047,0.9485280513763428,3.473363993010495,3.6331106181385806,121,False,,,,,,,,,
benchmark_dualmp_nl_dense_clutter_eval_dense_clutter.json,342,s1,neural,cbf,ok,False,s1_neural,False,True,False,0.5905766068421164,7.166665386217009,38,0.778144121170044,0.7708909511566162,1.4030330829991726,True,False,True,False,0.9704711696578942,0.7708909511566162,0.5905766068421164,7.166665386217009,38,False,,,,,,,,,
benchmark_dualmp_nl_dense_clutter_eval_dense_clutter.json,343,s1,neural,cbf,ok,False,s1_neural,False,True,False,0.5555187458008001,6.861311017121697,38,0.7908580303192139,0.7836868762969971,1.3933225839864463,True,False,True,False,0.97222406270996,0.7836868762969971,0.5555187458008001,6.861311017121697,38,False,,,,,,,,,
benchmark_dualmp_nl_dense_clutter_eval_dense_clutter.json,344,s1,neural,cbf,ok,False,s1_neural,False,True,False,0.584377835751386,6.9360809950291875,31,0.7450919151306152,0.7379429340362549,1.3800381250039209,True,False,True,False,0.9707811082124307,0.7379429340362549,0.584377835751386,6.9360809950291875,31,False,,,,,,,,,
benchmark_dualmp_nl_dense_clutter_eval_dense_clutter.json,345,s1,neural,cbf,ok,False,s1_neural,False,True,False,0.5243638704135662,6.88101931928868,36,0.7584619522094727,0.751366138458252,1.3999318339920137,True,False,True,False,0.9737818064793217,0.751366138458252,0.5243638704135662,6.88101931928868,36,False,,,,,,,,,
benchmark_dualmp_nl_dense_clutter_eval_dense_clutter.json,346,s1,neural,cbf,ok,False,s1_neural,False,True,False,0.5666549729273608,6.972007477906332,38,0.7825071811676025,0.7753129005432129,1.405088125000475,True,False,True,False,0.971667251353632,0.7753129005432129,0.5666549729273608,6.972007477906332,38,False,,,,,,,,,
benchmark_dualmp_nl_dense_clutter_eval_dense_clutter.json,347,s1,neural,cbf,ok,False,s1_neural,False,True,False,0.569740718800488,6.808059715949567,36,0.7581281661987305,0.7510342597961426,1.4344684170064284,True,False,True,False,0.9715129640599756,0.7510342597961426,0.569740718800488,6.808059715949567,36,False,,,,,,,,,
benchmark_dualmp_nl_dense_clutter_eval_dense_clutter.json,348,s1,neural,cbf,ok,False,s1_neural,False,True,False,0.5261633542165085,6.867577851554497,37,0.7756059169769287,0.7684271335601807,1.3964091670059133,True,False,True,False,0.9736918322891746,0.7684271335601807,0.5261633542165085,6.867577851554497,37,False,,,,,,,,,
benchmark_dualmp_nl_dense_clutter_eval_dense_clutter.json,349,s1,neural,cbf,ok,False,s1_neural,False,True,False,0.5673769855374224,6.854122457099827,40,0.7733268737792969,0.766120195388794,1.373454957996728,True,False,True,False,0.9716311507231289,0.766120195388794,0.5673769855374224,6.854122457099827,40,False,,,,,,,,,
benchmark_dualmp_nl_dense_clutter_eval_dense_clutter.json,350,s1,neural,cbf,ok,False,s1_neural,False,True,False,0.5269928340775022,6.880570687860464,39,0.8039190769195557,0.7967379093170166,1.3920699170121225,True,False,True,False,0.9736503582961249,0.7967379093170166,0.5269928340775022,6.880570687860464,39,False,,,,,,,,,
benchmark_dualmp_nl_dense_clutter_eval_dense_clutter.json,351,s1,neural,cbf,ok,False,s1_neural,False,True,False,0.5806456717256179,7.276397657599419,43,0.7921609878540039,0.7846519947052002,1.4790733749978244,True,False,True,False,0.9709677164137192,0.7846519947052002,0.5806456717256179,7.276397657599419,43,False,,,,,,,,,
benchmark_dualmp_nl_dense_clutter_eval_dense_clutter.json,352,s1,neural,cbf,ok,False,s1_neural,False,True,False,0.5714474745866353,7.014540844094575,41,0.7793450355529785,0.7721478939056396,1.437503833003575,True,False,True,False,0.9714276262706683,0.7721478939056396,0.5714474745866353,7.014540844094575,41,False,,,,,,,,,
benchmark_dualmp_nl_dense_clutter_eval_dense_clutter.json,353,s1,neural,cbf,ok,False,s1_neural,False,True,False,0.5360569786988928,6.9919307480338775,33,0.7727601528167725,0.7653369903564453,1.4048320000001695,True,False,True,False,0.9731971510650553,0.7653369903564453,0.5360569786988928,6.9919307480338775,33,False,,,,,,,,,
benchmark_dualmp_nl_dense_clutter_eval_dense_clutter.json,354,s1,neural,cbf,ok,False,s1_neural,False,True,False,0.5637068834641189,6.8024637571498126,39,0.8036706447601318,0.7965288162231445,1.4189647500024876,True,False,True,False,0.971814655826794,0.7965288162231445,0.5637068834641189,6.8024637571498126,39,False,,,,,,,,,
benchmark_dualmp_nl_dense_clutter_eval_dense_clutter.json,355,s1,neural,cbf,ok,False,s1_neural,False,True,False,0.5626466301212686,6.9560281866953595,38,0.7885420322418213,0.7811262607574463,1.4225409579958068,True,False,True,False,0.9718676684939366,0.7811262607574463,0.5626466301212686,6.9560281866953595,38,False,,,,,,,,,
benchmark_dualmp_nl_dense_clutter_eval_dense_clutter.json,356,s1,neural,cbf,ok,False,s1_neural,True,True,True,0.4575005727075797,6.776038121148593,27,0.7674250602722168,0.7599318027496338,1.4234347919991706,True,True,True,True,0.9771249713646211,0.7599318027496338,0.4575005727075797,6.776038121148593,27,False,,,,,,,,,
benchmark_dualmp_nl_dense_clutter_eval_dense_clutter.json,357,s1,neural,cbf,ok,False,s1_neural,False,True,False,3.9301925255042436,3.173487448357416,121,0.9509761333465576,0.9436349868774414,1.5954050419968553,True,False,True,False,0.05698074744957565,0.9436349868774414,3.9301925255042436,3.173487448357416,121,False,,,,,,,,,
benchmark_dualmp_nl_dense_clutter_eval_dense_clutter.json,358,s1,neural,cbf,ok,False,s1_neural,False,True,False,0.5708250559772297,6.8825037716748865,37,0.805656909942627,0.798292875289917,1.477055792012834,True,False,True,False,0.9714587472011386,0.798292875289917,0.5708250559772297,6.8825037716748865,37,False,,,,,,,,,
benchmark_dualmp_nl_dense_clutter_eval_dense_clutter.json,359,s1,neural,cbf,ok,False,s1_neural,False,True,False,4.927095454800306,2.2558498474056083,121,0.952629804611206,0.9453468322753906,1.5540834169951268,True,False,True,False,0.0,0.9453468322753906,4.927095454800306,2.2558498474056083,121,False,,,,,,,,,
benchmark_dualmp_nl_dense_clutter_eval_dense_clutter.json,360,s1,neural,cbf,ok,False,s1_neural,False,True,False,0.5504446697997498,6.858461891790254,40,0.8034000396728516,0.7962040901184082,1.4412011670065112,True,False,True,False,0.9724777665100125,0.7962040901184082,0.5504446697997498,6.858461891790254,40,False,,,,,,,,,
benchmark_dualmp_nl_dense_clutter_eval_dense_clutter.json,361,s1,neural,cbf,ok,False,s1_neural,True,True,True,0.4731684723282548,6.92505468841521,38,0.7793309688568115,0.7719342708587646,1.4166850000037812,True,True,True,True,0.9763415763835872,0.7719342708587646,0.4731684723282548,6.92505468841521,38,False,,,,,,,,,
benchmark_dualmp_nl_dense_clutter_eval_dense_clutter.json,362,s1,neural,cbf,ok,False,s1_neural,True,True,True,0.48163590455820887,7.01789630168328,41,0.8248999118804932,0.8175530433654785,1.4857006250094855,True,True,True,True,0.9759182047720896,0.8175530433654785,0.48163590455820887,7.01789630168328,41,False,,,,,,,,,
benchmark_dualmp_nl_dense_clutter_eval_dense_clutter.json,363,s1,neural,cbf,ok,False,s1_neural,True,True,True,0.49391969982946604,7.259488254469045,24,0.8391649723052979,0.8316860198974609,1.4789210409944644,True,True,True,True,0.9753040150085267,0.8316860198974609,0.49391969982946604,7.259488254469045,24,False,,,,,,,,,
benchmark_dualmp_nl_dense_clutter_eval_dense_clutter.json,364,s1,neural,cbf,ok,False,s1_neural,True,True,True,0.470309241746826,7.033884987668843,45,0.7934529781341553,0.7862911224365234,1.4434853749989998,True,True,True,True,0.9764845379126587,0.7862911224365234,0.470309241746826,7.033884987668843,45,False,,,,,,,,,
benchmark_dualmp_nl_dense_clutter_eval_dense_clutter.json,365,s1,neural,cbf,ok,False,s1_neural,False,True,False,0.5653912755794434,6.916914318503731,42,0.7941887378692627,0.7869720458984375,1.39837495800748,True,False,True,False,0.9717304362210278,0.7869720458984375,0.5653912755794434,6.916914318503731,42,False,,,,,,,,,
benchmark_dualmp_nl_dense_clutter_eval_dense_clutter.json,366,s1,neural,cbf,ok,False,s1_neural,False,True,False,3.8267053588657616,3.24851028965917,121,0.9783768653869629,0.9711341857910156,1.5867676249908982,True,False,True,False,0.06732946411342383,0.9711341857910156,3.8267053588657616,3.24851028965917,121,False,,,,,,,,,
benchmark_dualmp_nl_dense_clutter_eval_dense_clutter.json,367,s1,neural,cbf,ok,False,s1_neural,True,True,True,0.4841827878362226,6.686505230946313,34,0.7895078659057617,0.7821528911590576,1.4144791250000708,True,True,True,True,0.9757908606081889,0.7821528911590576,0.4841827878362226,6.686505230946313,34,False,,,,,,,,,
benchmark_dualmp_nl_dense_clutter_eval_dense_clutter.json,368,s1,neural,cbf,ok,False,s1_neural,True,True,True,0.44816496866238664,6.998173268072582,38,0.7848179340362549,0.7771399021148682,1.6073436669976218,True,True,True,True,0.9775917515668807,0.7771399021148682,0.44816496866238664,6.998173268072582,38,False,,,,,,,,,
benchmark_dualmp_nl_dense_clutter_eval_dense_clutter.json,369,s1,neural,cbf,ok,False,s1_neural,False,True,False,0.5614028616968092,6.857703605866421,39,0.7748239040374756,0.7676301002502441,1.4413270420045592,True,False,True,False,0.9719298569151595,0.7676301002502441,0.5614028616968092,6.857703605866421,39,False,,,,,,,,,
benchmark_dualmp_nl_dense_clutter_eval_dense_clutter.json,370,s1,neural,cbf,ok,False,s1_neural,False,True,False,0.5654824136084605,12.400921289576255,94,0.9350311756134033,0.9278290271759033,1.5512712079944322,True,False,True,False,0.971725879319577,0.9278290271759033,0.5654824136084605,12.400921289576255,94,False,,,,,,,,,
benchmark_dualmp_nl_dense_clutter_eval_dense_clutter.json,371,s1,neural,cbf,ok,False,s1_neural,False,True,False,0.5132578411635961,7.186362849040769,40,0.7802278995513916,0.773040771484375,1.4064363329962362,True,False,True,False,0.9743371079418202,0.773040771484375,0.5132578411635961,7.186362849040769,40,False,,,,,,,,,
benchmark_dualmp_nl_dense_clutter_eval_dense_clutter.json,372,s1,neural,cbf,ok,False,s1_neural,True,True,True,0.4666484602880898,6.91138917742884,30,0.7566702365875244,0.749600887298584,1.3618658329942264,True,True,True,True,0.9766675769855955,0.749600887298584,0.4666484602880898,6.91138917742884,30,False,,,,,,,,,
benchmark_dualmp_nl_dense_clutter_eval_dense_clutter.json,373,s1,neural,cbf,ok,False,s1_neural,False,True,False,0.5461065440369777,6.622865028558468,36,0.788402795791626,0.7812249660491943,1.4073327499936568,True,False,True,False,0.9726946727981511,0.7812249660491943,0.5461065440369777,6.622865028558468,36,False,,,,,,,,,
benchmark_dualmp_nl_dense_clutter_eval_dense_clutter.json,374,s1,neural,cbf,ok,False,s1_neural,False,True,False,0.5753539549744656,6.780923644800581,35,0.7623529434204102,0.7551040649414062,1.3843039169878466,True,False,True,False,0.9712323022512768,0.7551040649414062,0.5753539549744656,6.780923644800581,35,False,,,,,,,,,
benchmark_dualmp_nl_dense_clutter_eval_dense_clutter.json,375,s1,neural,cbf,ok,False,s1_neural,True,True,True,0.4638573342963406,6.7477697596544175,26,0.7417068481445312,0.7345249652862549,1.3371800419990905,True,True,True,True,0.976807133285183,0.7345249652862549,0.4638573342963406,6.7477697596544175,26,False,,,,,,,,,
benchmark_dualmp_nl_dense_clutter_eval_dense_clutter.json,376,s1,neural,cbf,ok,False,s1_neural,False,True,False,0.545320159610787,6.84288528873584,33,0.7694129943847656,0.762300968170166,1.3752652499970281,True,False,True,False,0.9727339920194606,0.762300968170166,0.545320159610787,6.84288528873584,33,False,,,,,,,,,
benchmark_dualmp_nl_dense_clutter_eval_dense_clutter.json,377,s1,neural,cbf,ok,False,s1_neural,False,True,False,0.5940011203213544,6.981148324560449,42,0.7827072143554688,0.7753019332885742,1.3983602079970296,True,False,True,False,0.9702999439839323,0.7753019332885742,0.5940011203213544,6.981148324560449,42,False,,,,,,,,,
benchmark_dualmp_nl_dense_clutter_eval_dense_clutter.json,378,s1,neural,cbf,ok,False,s1_neural,False,True,False,0.5552863541647051,7.018458843965108,40,0.7809658050537109,0.773643970489502,1.3847023340058513,True,False,True,False,0.9722356822917647,0.773643970489502,0.5552863541647051,7.018458843965108,40,False,,,,,,,,,
benchmark_dualmp_nl_dense_clutter_eval_dense_clutter.json,379,s1,neural,cbf,ok,False,s1_neural,False,True,False,0.5578959788960837,6.916516231194025,39,0.7817599773406982,0.7746987342834473,1.399658875001478,True,False,True,False,0.9721052010551958,0.7746987342834473,0.5578959788960837,6.916516231194025,39,False,,,,,,,,,
benchmark_dualmp_nl_dense_clutter_eval_dense_clutter.json,380,s1,neural,cbf,ok,False,s1_neural,False,True,False,0.5665452836464042,10.577317071618305,87,0.8986108303070068,0.8913650512695312,1.5426776250096736,True,False,True,False,0.9716727358176798,0.8913650512695312,0.5665452836464042,10.577317071618305,87,False,,,,,,,,,
benchmark_dualmp_nl_dense_clutter_eval_dense_clutter.json,381,s1,neural,cbf,ok,False,s1_neural,False,True,False,0.569121710359838,7.25080989393638,43,0.764646053314209,0.7575018405914307,1.3542103749932721,True,False,True,False,0.971543914482008,0.7575018405914307,0.569121710359838,7.25080989393638,43,False,,,,,,,,,
benchmark_dualmp_nl_dense_clutter_eval_dense_clutter.json,382,s1,neural,cbf,ok,False,s1_neural,True,True,True,0.4777114084241158,7.217251868106793,42,0.7840700149536133,0.7769951820373535,1.4064965410070727,True,True,True,True,0.9761144295787942,0.7769951820373535,0.4777114084241158,7.217251868106793,42,False,,,,,,,,,
benchmark_dualmp_nl_dense_clutter_eval_dense_clutter.json,383,s1,neural,cbf,ok,False,s1_neural,False,True,False,4.407289362903017,2.7795316922788595,121,0.942410945892334,0.9351632595062256,1.5487663750100182,True,False,True,False,0.009271063709698268,0.9351632595062256,4.407289362903017,2.7795316922788595,121,False,,,,,,,,,
benchmark_dualmp_nl_dense_clutter_eval_dense_clutter.json,384,s1,neural,cbf,ok,False,s1_neural,False,True,False,0.5403052493339461,7.614944171397937,57,0.7995901107788086,0.7924637794494629,1.3937876670097467,True,False,True,False,0.9729847375333027,0.7924637794494629,0.5403052493339461,7.614944171397937,57,False,,,,,,,,,
benchmark_dualmp_nl_dense_clutter_eval_dense_clutter.json,385,s1,neural,cbf,ok,False,s1_neural,True,True,True,0.4772881744124277,6.931923147685065,38,0.7538108825683594,0.7467546463012695,1.3983580420026556,True,True,True,True,0.9761355912793787,0.7467546463012695,0.4772881744124277,6.931923147685065,38,False,,,,,,,,,
benchmark_dualmp_nl_dense_clutter_eval_dense_clutter.json,386,s1,neural,cbf,ok,False,s1_neural,False,True,False,0.5049276418187465,6.8626882033789425,37,0.7730717658996582,0.7659382820129395,1.378880999996909,True,False,True,False,0.9747536179090627,0.7659382820129395,0.5049276418187465,6.8626882033789425,37,False,,,,,,,,,
benchmark_dualmp_nl_dense_clutter_eval_dense_clutter.json,387,s1,neural,cbf,ok,False,s1_neural,False,True,False,64.66724183739916,60.04829713865351,121,0.9532029628753662,0.9459409713745117,1.5854962080047699,True,False,True,False,0.0,0.9459409713745117,64.66724183739916,60.04829713865351,121,False,,,,,,,,,
benchmark_dualmp_nl_dense_clutter_eval_dense_clutter.json,388,s1,neural,cbf,ok,False,s1_neural,False,True,False,0.5846149787490476,6.802451401856489,37,0.7761881351470947,0.7690551280975342,1.37242679100018,True,False,True,False,0.9707692510625476,0.7690551280975342,0.5846149787490476,6.802451401856489,37,False,,,,,,,,,
benchmark_dualmp_nl_dense_clutter_eval_dense_clutter.json,389,s1,neural,cbf,ok,False,s1_neural,False,True,False,0.5180930285497866,6.866621386672341,39,0.7858366966247559,0.7785840034484863,1.4142557910090545,True,False,True,False,0.9740953485725107,0.7785840034484863,0.5180930285497866,6.866621386672341,39,False,,,,,,,,,
benchmark_dualmp_nl_dense_clutter_eval_dense_clutter.json,390,s1,neural,cbf,ok,False,s1_neural,False,True,False,0.5162921692330529,6.883696726531184,38,0.76149582862854,0.7543659210205078,1.3843028749979567,True,False,True,False,0.9741853915383474,0.7543659210205078,0.5162921692330529,6.883696726531184,38,False,,,,,,,,,
benchmark_dualmp_nl_dense_clutter_eval_dense_clutter.json,391,s1,neural,cbf,ok,False,s1_neural,False,True,False,0.5585326436541096,7.183431042094378,38,0.7694900035858154,0.7623319625854492,1.4146873749996303,True,False,True,False,0.9720733678172945,0.7623319625854492,0.5585326436541096,7.183431042094378,38,False,,,,,,,,,
benchmark_dualmp_nl_dense_clutter_eval_dense_clutter.json,392,s1,neural,cbf,ok,False,s1_neural,False,True,False,0.5299654918016246,6.877243198177839,40,0.7932982444763184,0.7861618995666504,1.3998140410112683,True,False,True,False,0.9735017254099188,0.7861618995666504,0.5299654918016246,6.877243198177839,40,False,,,,,,,,,
benchmark_dualmp_nl_dense_clutter_eval_dense_clutter.json,393,s1,neural,cbf,ok,False,s1_neural,False,True,False,0.5072604658760943,6.96808459004688,26,0.7539310455322266,0.7466988563537598,1.372405374990194,True,False,True,False,0.9746369767061953,0.7466988563537598,0.5072604658760943,6.96808459004688,26,False,,,,,,,,,
benchmark_dualmp_nl_dense_clutter_eval_dense_clutter.json,394,s1,neural,cbf,ok,False,s1_neural,False,True,False,0.5188226218700501,7.456594610659601,40,0.7678568363189697,0.7606618404388428,1.4066982910007937,True,False,True,False,0.9740588689064975,0.7606618404388428,0.5188226218700501,7.456594610659601,40,False,,,,,,,,,
benchmark_dualmp_nl_dense_clutter_eval_dense_clutter.json,395,s1,neural,cbf,ok,False,s1_neural,False,True,False,0.5787368104121988,6.833879742094517,37,0.7655770778656006,0.7584719657897949,1.3657847919967026,True,False,True,False,0.97106315947939,0.7584719657897949,0.5787368104121988,6.833879742094517,37,False,,,,,,,,,
benchmark_dualmp_nl_dense_clutter_eval_dense_clutter.json,396,s1,neural,cbf,ok,False,s1_neural,False,True,False,0.5602711755896297,7.049411269056936,23,0.7407588958740234,0.7336282730102539,1.362944416992832,True,False,True,False,0.9719864412205185,0.7336282730102539,0.5602711755896297,7.049411269056936,23,False,,,,,,,,,
benchmark_dualmp_nl_dense_clutter_eval_dense_clutter.json,397,s1,neural,cbf,ok,False,s1_neural,False,True,False,0.5851826730130333,6.579061621107686,35,0.7676880359649658,0.7605948448181152,1.383463042002404,True,False,True,False,0.9707408663493483,0.7605948448181152,0.5851826730130333,6.579061621107686,35,False,,,,,,,,,
benchmark_dualmp_nl_dense_clutter_eval_dense_clutter.json,398,s1,neural,cbf,ok,False,s1_neural,False,True,False,0.5455802977697997,6.795684940062146,23,0.7246699333190918,0.7175111770629883,1.3096039170050062,True,False,True,False,0.9727209851115101,0.7175111770629883,0.5455802977697997,6.795684940062146,23,False,,,,,,,,,
benchmark_dualmp_nl_dense_clutter_eval_dense_clutter.json,399,s1,neural,cbf,ok,False,s1_neural,False,True,False,0.5806091670260268,7.068053789250052,42,0.7772622108459473,0.7700958251953125,1.3918019170087064,True,False,True,False,0.9709695416486986,0.7700958251953125,0.5806091670260268,7.068053789250052,42,False,,,,,,,,,
benchmark_dualmp_nl_dense_clutter_eval_dense_clutter.json,400,s1,neural,cbf,ok,False,s1_neural,False,True,False,0.576332200113795,7.853412134689756,40,0.7690539360046387,0.7616329193115234,1.3823739159997785,True,False,True,False,0.9711833899943102,0.7616329193115234,0.576332200113795,7.853412134689756,40,False,,,,,,,,,
benchmark_dualmp_nl_dense_clutter_eval_dense_clutter.json,401,s1,neural,cbf,ok,False,s1_neural,False,True,False,0.5729753832800845,6.89809272472589,47,0.7690179347991943,0.7618198394775391,1.3898775409907103,True,False,True,False,0.9713512308359957,0.7618198394775391,0.5729753832800845,6.89809272472589,47,False,,,,,,,,,
benchmark_dualmp_nl_dense_clutter_eval_dense_clutter.json,402,s1,neural,cbf,ok,False,s1_neural,False,True,False,0.5979045640259466,6.6470190195141265,36,0.7705001831054688,0.7633359432220459,1.3906460420112126,True,False,True,False,0.9701047717987027,0.7633359432220459,0.5979045640259466,6.6470190195141265,36,False,,,,,,,,,
benchmark_dualmp_nl_dense_clutter_eval_dense_clutter.json,403,s1,neural,cbf,ok,False,s1_neural,False,True,False,0.535129311891404,6.863952164277325,37,0.7731587886810303,0.765833854675293,1.3768230410059914,True,False,True,False,0.9732435344054298,0.765833854675293,0.535129311891404,6.863952164277325,37,False,,,,,,,,,
benchmark_dualmp_nl_dense_clutter_eval_dense_clutter.json,404,s1,neural,cbf,ok,False,s1_neural,False,True,False,0.5217671824318394,7.2379499212839,43,0.7819769382476807,0.7747399806976318,1.3863029159983853,True,False,True,False,0.973911640878408,0.7747399806976318,0.5217671824318394,7.2379499212839,43,False,,,,,,,,,
benchmark_dualmp_nl_dense_clutter_eval_dense_clutter.json,405,s1,neural,cbf,ok,False,s1_neural,False,True,False,5.0361815165724515,2.048736209119731,121,0.9609739780426025,0.9537737369537354,1.5912932500068564,True,False,True,False,0.0,0.9537737369537354,5.0361815165724515,2.048736209119731,121,False,,,,,,,,,
benchmark_dualmp_nl_dense_clutter_eval_dense_clutter.json,406,s1,neural,cbf,ok,False,s1_neural,False,True,False,0.5255588502823838,6.874843208374291,40,0.772507905960083,0.7653303146362305,1.363588374995743,True,False,True,False,0.9737220574858808,0.7653303146362305,0.5255588502823838,6.874843208374291,40,False,,,,,,,,,
benchmark_dualmp_nl_dense_clutter_eval_dense_clutter.json,407,s1,neural,cbf,ok,False,s1_neural,False,True,False,0.5208493383345608,7.0459203508870205,42,0.7849619388580322,0.7778267860412598,1.3724811669962946,True,False,True,False,0.9739575330832719,0.7778267860412598,0.5208493383345608,7.0459203508870205,42,False,,,,,,,,,
benchmark_dualmp_nl_dense_clutter_eval_dense_clutter.json,408,s1,neural,cbf,ok,False,s1_neural,False,True,False,4.735529202585205,2.450464465469501,121,0.9660458564758301,0.9588041305541992,1.5729384590085829,True,False,True,False,0.0,0.9588041305541992,4.735529202585205,2.450464465469501,121,False,,,,,,,,,
benchmark_dualmp_nl_dense_clutter_eval_dense_clutter.json,409,s1,neural,cbf,ok,False,s1_neural,False,True,False,0.5072300542025228,7.054280191028674,36,0.7791459560394287,0.7719511985778809,1.3742170409968821,True,False,True,False,0.9746384972898738,0.7719511985778809,0.5072300542025228,7.054280191028674,36,False,,,,,,,,,
benchmark_dualmp_nl_dense_clutter_eval_dense_clutter.json,410,s1,neural,cbf,ok,False,s1_neural,False,True,False,0.5428151558928943,8.787826830429008,66,0.8367838859558105,0.8295860290527344,1.4695732499967562,True,False,True,False,0.9728592422053552,0.8295860290527344,0.5428151558928943,8.787826830429008,66,False,,,,,,,,,
benchmark_dualmp_nl_dense_clutter_eval_dense_clutter.json,411,s1,neural,cbf,ok,False,s1_neural,False,True,False,5.662808295700716,1.446067231041824,121,0.9309549331665039,0.9237060546875,1.5738184999936493,True,False,True,False,0.0,0.9237060546875,5.662808295700716,1.446067231041824,121,False,,,,,,,,,
benchmark_dualmp_nl_dense_clutter_eval_dense_clutter.json,412,s1,neural,cbf,ok,False,s1_neural,False,True,False,0.5499052494022679,6.827468557050909,40,0.7783529758453369,0.7712340354919434,1.3932726669881959,True,False,True,False,0.9725047375298866,0.7712340354919434,0.5499052494022679,6.827468557050909,40,False,,,,,,,,,
benchmark_dualmp_nl_dense_clutter_eval_dense_clutter.json,413,s1,neural,cbf,ok,False,s1_neural,False,True,False,0.5203096879789089,7.000820247268342,39,0.7888777256011963,0.7814850807189941,1.3973284999956377,True,False,True,False,0.9739845156010546,0.7814850807189941,0.5203096879789089,7.000820247268342,39,False,,,,,,,,,
benchmark_dualmp_nl_dense_clutter_eval_dense_clutter.json,414,s1,neural,cbf,ok,False,s1_neural,False,True,False,0.5955276262615012,6.788067705757751,38,0.770430326461792,0.762523889541626,1.3740477910032496,True,False,True,False,0.970223618686925,0.762523889541626,0.5955276262615012,6.788067705757751,38,False,,,,,,,,,
benchmark_dualmp_nl_dense_clutter_eval_dense_clutter.json,415,s1,neural,cbf,ok,False,s1_neural,False,True,False,0.5910458911266621,6.736167745988662,25,0.7415587902069092,0.7343931198120117,1.3623140410054475,True,False,True,False,0.9704477054436669,0.7343931198120117,0.5910458911266621,6.736167745988662,25,False,,,,,,,,,
benchmark_dualmp_nl_dense_clutter_eval_dense_clutter.json,416,s1,neural,cbf,ok,False,s1_neural,False,True,False,4.78499847237326,2.423055480981672,121,0.9096910953521729,0.902580976486206,1.5236991250130814,True,False,True,False,0.0,0.902580976486206,4.78499847237326,2.423055480981672,121,False,,,,,,,,,
benchmark_dualmp_nl_dense_clutter_eval_dense_clutter.json,417,s1,neural,cbf,ok,False,s1_neural,False,True,False,4.289911344208491,2.867759360798271,121,0.937384843826294,0.9301748275756836,1.5512032080005156,True,False,True,False,0.02100886557915088,0.9301748275756836,4.289911344208491,2.867759360798271,121,False,,,,,,,,,
benchmark_dualmp_nl_dense_clutter_eval_dense_clutter.json,418,s1,neural,cbf,ok,False,s1_neural,False,True,False,0.5454748436821294,6.885487432264556,40,0.7777597904205322,0.7706282138824463,1.3971927499951562,True,False,True,False,0.9727262578158935,0.7706282138824463,0.5454748436821294,6.885487432264556,40,False,,,,,,,,,
benchmark_dualmp_nl_dense_clutter_eval_dense_clutter.json,419,s1,neural,cbf,ok,False,s1_neural,False,True,False,0.574451909249895,6.788268256052282,36,0.773547887802124,0.7664191722869873,1.382012834001216,True,False,True,False,0.9712774045375052,0.7664191722869873,0.574451909249895,6.788268256052282,36,False,,,,,,,,,
benchmark_dualmp_nl_dense_clutter_eval_dense_clutter.json,420,s1,neural,cbf,ok,False,s1_neural,False,True,False,0.5353537811629491,6.895503563445965,39,0.7918081283569336,0.7846930027008057,1.4122581249976065,True,False,True,False,0.9732323109418526,0.7846930027008057,0.5353537811629491,6.895503563445965,39,False,,,,,,,,,
benchmark_dualmp_nl_dense_clutter_eval_dense_clutter.json,421,s1,neural,cbf,ok,False,s1_neural,True,True,True,0.4935166803968229,6.9394777322095225,38,0.7776579856872559,0.7699990272521973,1.3864714579976862,True,True,True,True,0.9753241659801588,0.7699990272521973,0.4935166803968229,6.9394777322095225,38,False,,,,,,,,,
benchmark_dualmp_nl_dense_clutter_eval_dense_clutter.json,422,s1,neural,cbf,ok,False,s1_neural,False,True,False,0.579110026253718,6.94024617916693,40,0.7804129123687744,0.7732710838317871,1.4209712500014575,True,False,True,False,0.9710444986873141,0.7732710838317871,0.579110026253718,6.94024617916693,40,False,,,,,,,,,
benchmark_dualmp_nl_dense_clutter_eval_dense_clutter.json,423,s1,neural,cbf,ok,False,s1_neural,False,True,False,0.514299205050011,6.917189365959684,57,0.806739091873169,0.7995059490203857,1.4369487919902895,True,False,True,False,0.9742850397474995,0.7995059490203857,0.514299205050011,6.917189365959684,57,False,,,,,,,,,
benchmark_dualmp_nl_dense_clutter_eval_dense_clutter.json,424,s1,neural,cbf,ok,False,s1_neural,False,True,False,0.5381208027970128,6.836262482997251,36,0.7657930850982666,0.7586729526519775,1.3594613750028657,True,False,True,False,0.9730939598601493,0.7586729526519775,0.5381208027970128,6.836262482997251,36,False,,,,,,,,,
benchmark_dualmp_nl_dense_clutter_eval_dense_clutter.json,425,s1,neural,cbf,ok,False,s1_neural,False,True,False,0.5460195293765592,6.929695749837836,38,0.771641731262207,0.7643358707427979,1.3879532080027275,True,False,True,False,0.972699023531172,0.7643358707427979,0.5460195293765592,6.929695749837836,38,False,,,,,,,,,
benchmark_dualmp_nl_dense_clutter_eval_dense_clutter.json,426,s1,neural,cbf,ok,False,s1_neural,False,True,False,0.541207330849885,7.203383963997434,27,0.7514479160308838,0.7443058490753174,1.4075117920001503,True,False,True,False,0.9729396334575058,0.7443058490753174,0.541207330849885,7.203383963997434,27,False,,,,,,,,,
benchmark_dualmp_nl_dense_clutter_eval_dense_clutter.json,427,s1,neural,cbf,ok,False,s1_neural,False,True,False,0.5897040402041179,6.901549927249336,40,0.8012480735778809,0.7940688133239746,1.4208260829909705,True,False,True,False,0.9705147979897941,0.7940688133239746,0.5897040402041179,6.901549927249336,40,False,,,,,,,,,
benchmark_dualmp_nl_dense_clutter_eval_dense_clutter.json,428,s1,neural,cbf,ok,False,s1_neural,False,True,False,0.5642650220831489,6.833958493512414,41,0.780742883682251,0.7735786437988281,1.4054529160057427,True,False,True,False,0.9717867488958426,0.7735786437988281,0.5642650220831489,6.833958493512414,41,False,,,,,,,,,
benchmark_dualmp_nl_dense_clutter_eval_dense_clutter.json,429,s1,neural,cbf,ok,False,s1_neural,False,True,False,0.5085833968763507,6.668080253826385,34,0.7669129371643066,0.759843111038208,1.385140208993107,True,False,True,False,0.9745708301561825,0.759843111038208,0.5085833968763507,6.668080253826385,34,False,,,,,,,,,
benchmark_dualmp_nl_dense_clutter_eval_dense_clutter.json,430,s1,neural,cbf,ok,False,s1_neural,False,True,False,0.5930666390757997,6.685469910440066,38,0.7775881290435791,0.7701950073242188,1.3799875419936143,True,False,True,False,0.9703466680462101,0.7701950073242188,0.5930666390757997,6.685469910440066,38,False,,,,,,,,,
benchmark_dualmp_nl_dense_clutter_eval_dense_clutter.json,431,s1,neural,cbf,ok,False,s1_neural,True,True,True,0.47949140856728767,6.6470144276702285,36,0.7597277164459229,0.7525198459625244,1.3600108749960782,True,True,True,True,0.9760254295716356,0.7525198459625244,0.47949140856728767,6.6470144276702285,36,False,,,,,,,,,
benchmark_dualmp_nl_dense_clutter_eval_dense_clutter.json,432,s1,neural,cbf,ok,False,s1_neural,False,True,False,0.50928271933797,7.0109955131848976,39,0.7711000442504883,0.7639210224151611,1.3779418329941109,True,False,True,False,0.9745358640331016,0.7639210224151611,0.50928271933797,7.0109955131848976,39,False,,,,,,,,,
benchmark_dualmp_nl_dense_clutter_eval_dense_clutter.json,433,s1,neural,cbf,ok,False,s1_neural,False,True,False,0.5881316702724502,6.835224915871692,24,0.731525182723999,0.7243738174438477,1.347215750007308,True,False,True,False,0.9705934164863775,0.7243738174438477,0.5881316702724502,6.835224915871692,24,False,,,,,,,,,
benchmark_dualmp_nl_dense_clutter_eval_dense_clutter.json,434,s1,neural,cbf,ok,False,s1_neural,False,True,False,0.5113146572422966,6.912319394762001,38,0.7772228717803955,0.7701549530029297,1.3993907079857308,True,False,True,False,0.9744342671378852,0.7701549530029297,0.5113146572422966,6.912319394762001,38,False,,,,,,,,,
benchmark_dualmp_nl_dense_clutter_eval_dense_clutter.json,435,s1,neural,cbf,ok,False,s1_neural,False,True,False,5.53315918553676,1.540486084873074,121,0.9093937873840332,0.9021668434143066,1.536085625004489,True,False,True,False,0.0,0.9021668434143066,5.53315918553676,1.540486084873074,121,False,,,,,,,,,
benchmark_dualmp_nl_dense_clutter_eval_dense_clutter.json,436,s1,neural,cbf,ok,False,s1_neural,False,True,False,0.5830027911311693,6.808670454198397,37,0.7690401077270508,0.7619121074676514,1.3945729169936385,True,False,True,False,0.9708498604434416,0.7619121074676514,0.5830027911311693,6.808670454198397,37,False,,,,,,,,,
benchmark_dualmp_nl_dense_clutter_eval_dense_clutter.json,437,s1,neural,cbf,ok,False,s1_neural,False,True,False,4.281370711670703,2.9001290204753762,121,0.9328980445861816,0.9255001544952393,1.5667877499945462,True,False,True,False,0.02186292883292973,0.9255001544952393,4.281370711670703,2.9001290204753762,121,False,,,,,,,,,
benchmark_dualmp_nl_dense_clutter_eval_dense_clutter.json,438,s1,neural,cbf,ok,False,s1_neural,False,True,False,0.5972204780318795,6.81117443062205,39,0.7718548774719238,0.7646152973175049,1.3855452080024406,True,False,True,False,0.970138976098406,0.7646152973175049,0.5972204780318795,6.81117443062205,39,False,,,,,,,,,
benchmark_dualmp_nl_dense_clutter_eval_dense_clutter.json,439,s1,neural,cbf,ok,False,s1_neural,False,True,False,0.567484647272838,6.912822270043976,32,0.7634768486022949,0.7562789916992188,1.3728125839988934,True,False,True,False,0.9716257676363581,0.7562789916992188,0.567484647272838,6.912822270043976,32,False,,,,,,,,,
benchmark_dualmp_nl_dense_clutter_eval_dense_clutter.json,440,s1,neural,cbf,ok,False,s1_neural,True,True,True,0.4852492189497486,13.255325340309914,101,0.9606900215148926,0.9535367488861084,1.5717121670022607,True,True,True,True,0.9757375390525126,0.9535367488861084,0.4852492189497486,13.255325340309914,101,False,,,,,,,,,
benchmark_dualmp_nl_dense_clutter_eval_dense_clutter.json,441,s1,neural,cbf,ok,False,s1_neural,False,True,False,0.5943389215822895,6.91933394483158,34,0.765470027923584,0.7583763599395752,1.385332624995499,True,False,True,False,0.9702830539208855,0.7583763599395752,0.5943389215822895,6.91933394483158,34,False,,,,,,,,,
benchmark_dualmp_nl_dense_clutter_eval_dense_clutter.json,442,s1,neural,cbf,ok,False,s1_neural,False,True,False,0.5953832147640452,6.618158241313906,36,0.7585780620574951,0.751331090927124,1.3591075830045156,True,False,True,False,0.9702308392617978,0.751331090927124,0.5953832147640452,6.618158241313906,36,False,,,,,,,,,
benchmark_dualmp_nl_dense_clutter_eval_dense_clutter.json,443,s1,neural,cbf,ok,False,s1_neural,False,True,False,0.596594824688642,7.001731342389819,23,0.7532508373260498,0.7461581230163574,1.3402815420122351,True,False,True,False,0.970170258765568,0.7461581230163574,0.596594824688642,7.001731342389819,23,False,,,,,,,,,
benchmark_dualmp_nl_dense_clutter_eval_dense_clutter.json,444,s1,neural,cbf,ok,False,s1_neural,False,True,False,0.5827836066762775,6.817311986519369,39,0.7690927982330322,0.7619280815124512,1.3754038329934701,True,False,True,False,0.9708608196661861,0.7619280815124512,0.5827836066762775,6.817311986519369,39,False,,,,,,,,,
benchmark_dualmp_nl_dense_clutter_eval_dense_clutter.json,445,s1,neural,cbf,ok,False,s1_neural,False,True,False,0.5512110601539055,7.207185795129736,39,0.7739191055297852,0.7667770385742188,1.3837673749949317,True,False,True,False,0.9724394469923048,0.7667770385742188,0.5512110601539055,7.207185795129736,39,False,,,,,,,,,
benchmark_dualmp_nl_dense_clutter_eval_dense_clutter.json,446,s1,neural,cbf,ok,False,s1_neural,True,True,True,0.46666283195386316,6.639228841909067,39,0.7760510444641113,0.7688188552856445,1.384084792007343,True,True,True,True,0.9766668584023068,0.7688188552856445,0.46666283195386316,6.639228841909067,39,False,,,,,,,,,
benchmark_dualmp_nl_dense_clutter_eval_dense_clutter.json,447,s1,neural,cbf,ok,False,s1_neural,False,True,False,4.047225421502886,3.0433300588817787,121,0.9344251155853271,0.9272699356079102,1.5502600829931907,True,False,True,False,0.04527745784971138,0.9272699356079102,4.047225421502886,3.0433300588817787,121,False,,,,,,,,,
benchmark_dualmp_nl_dense_clutter_eval_dense_clutter.json,448,s1,neural,cbf,ok,False,s1_neural,False,True,False,0.5372686671329701,6.774652724259806,23,0.7334628105163574,0.7262990474700928,1.3706337500043446,True,False,True,False,0.9731365666433515,0.7262990474700928,0.5372686671329701,6.774652724259806,23,False,,,,,,,,,
benchmark_dualmp_nl_dense_clutter_eval_dense_clutter.json,449,s1,neural,cbf,ok,False,s1_neural,False,True,False,5.816823982700658,1.2568174476355676,121,0.9537568092346191,0.9465489387512207,1.5596928750019288,True,False,True,False,0.0,0.9465489387512207,5.816823982700658,1.2568174476355676,121,False,,,,,,,,,
benchmark_dualmp_nl_dense_clutter_eval_dense_clutter.json,450,s1,neural,cbf,ok,False,s1_neural,False,True,False,0.5280549770185164,7.290440370668584,63,0.8327066898345947,0.8255398273468018,1.479780000008759,True,False,True,False,0.9735972511490741,0.8255398273468018,0.5280549770185164,7.290440370668584,63,False,,,,,,,,,
benchmark_dualmp_nl_dense_clutter_eval_dense_clutter.json,451,s1,neural,cbf,ok,False,s1_neural,False,True,False,0.5570688374970784,6.996363020593966,39,0.764394998550415,0.757267951965332,1.4016396660008468,True,False,True,False,0.972146558125146,0.757267951965332,0.5570688374970784,6.996363020593966,39,False,,,,,,,,,
benchmark_dualmp_nl_dense_clutter_eval_dense_clutter.json,452,s1,neural,cbf,ok,False,s1_neural,False,True,False,0.5442944233962927,6.825153085589644,29,0.7500150203704834,0.7429070472717285,1.408109041993157,True,False,True,False,0.9727852788301854,0.7429070472717285,0.5442944233962927,6.825153085589644,29,False,,,,,,,,,
benchmark_dualmp_nl_dense_clutter_eval_dense_clutter.json,453,s1,neural,cbf,ok,False,s1_neural,True,True,True,0.4798554270504334,6.9287304678317065,40,0.7813959121704102,0.7741889953613281,1.3816329580004094,True,True,True,True,0.9760072286474784,0.7741889953613281,0.4798554270504334,6.9287304678317065,40,False,,,,,,,,,
benchmark_dualmp_nl_dense_clutter_eval_dense_clutter.json,454,s1,neural,cbf,ok,False,s1_neural,False,True,False,5.023142612744469,2.1531867492083223,121,0.9198970794677734,0.9127202033996582,1.5491692920040805,True,False,True,False,0.0,0.9127202033996582,5.023142612744469,2.1531867492083223,121,False,,,,,,,,,
benchmark_dualmp_nl_dense_clutter_eval_dense_clutter.json,455,s1,neural,cbf,ok,False,s1_neural,False,True,False,0.5281978871028762,6.879160455827018,39,0.7738192081451416,0.766516923904419,1.4542271660029655,True,False,True,False,0.9735901056448562,0.766516923904419,0.5281978871028762,6.879160455827018,39,False,,,,,,,,,
benchmark_dualmp_nl_dense_clutter_eval_dense_clutter.json,456,s1,neural,cbf,ok,False,s1_neural,False,True,False,0.5595670862394011,6.879708752645572,39,0.7699060440063477,0.7627928256988525,1.3639551250089426,True,False,True,False,0.97202164568803,0.7627928256988525,0.5595670862394011,6.879708752645572,39,False,,,,,,,,,
benchmark_dualmp_nl_dense_clutter_eval_dense_clutter.json,457,s1,neural,cbf,ok,False,s1_neural,False,True,False,4.820181804982878,2.285293485531314,121,0.9219629764556885,0.9147841930389404,1.5550097079976695,True,False,True,False,0.0,0.9147841930389404,4.820181804982878,2.285293485531314,121,False,,,,,,,,,
benchmark_dualmp_nl_dense_clutter_eval_dense_clutter.json,458,s1,neural,cbf,ok,False,s1_neural,False,True,False,2.393487854705759,4.706295096706866,121,0.9398870468139648,0.9327290058135986,1.5756860840047011,True,False,True,False,0.2106512145294241,0.9327290058135986,2.393487854705759,4.706295096706866,121,False,,,,,,,,,
benchmark_dualmp_nl_dense_clutter_eval_dense_clutter.json,459,s1,neural,cbf,ok,False,s1_neural,False,True,False,0.5489165928735069,8.352106170607515,42,0.7794370651245117,0.7722959518432617,1.366752624991932,True,False,True,False,0.9725541703563246,0.7722959518432617,0.5489165928735069,8.352106170607515,42,False,,,,,,,,,
benchmark_dualmp_nl_dense_clutter_eval_dense_clutter.json,460,s1,neural,cbf,ok,False,s1_neural,True,True,True,0.4964187769726609,8.328177841734368,62,0.8404049873352051,0.8332889080047607,1.4374592499952996,True,True,True,True,0.975179061151367,0.8332889080047607,0.4964187769726609,8.328177841734368,62,False,,,,,,,,,
benchmark_dualmp_nl_dense_clutter_eval_dense_clutter.json,461,s1,neural,cbf,ok,False,s1_neural,False,True,False,0.5981118584625441,6.9491590628215585,38,0.7627151012420654,0.7554879188537598,1.373574874989572,True,False,True,False,0.9700944070768728,0.7554879188537598,0.5981118584625441,6.9491590628215585,38,False,,,,,,,,,
benchmark_dualmp_nl_dense_clutter_eval_dense_clutter.json,462,s1,neural,cbf,ok,False,s1_neural,True,True,True,0.4769945557180355,7.133660565472359,43,0.7787551879882812,0.771547794342041,1.4011918750038603,True,True,True,True,0.9761502722140982,0.771547794342041,0.4769945557180355,7.133660565472359,43,False,,,,,,,,,
benchmark_dualmp_nl_dense_clutter_eval_dense_clutter.json,463,s1,neural,cbf,ok,False,s1_neural,False,True,False,0.5814004391830755,6.856013386320063,41,0.7673206329345703,0.7602331638336182,1.3877176249952754,True,False,True,False,0.9709299780408462,0.7602331638336182,0.5814004391830755,6.856013386320063,41,False,,,,,,,,,
benchmark_dualmp_nl_dense_clutter_eval_dense_clutter.json,464,s1,neural,cbf,ok,False,s1_neural,False,True,False,0.5257665271936062,6.88216329272927,43,0.8071138858795166,0.7998273372650146,1.441124958000728,True,False,True,False,0.9737116736403197,0.7998273372650146,0.5257665271936062,6.88216329272927,43,False,,,,,,,,,
benchmark_dualmp_nl_dense_clutter_eval_dense_clutter.json,465,s1,neural,cbf,ok,False,s1_neural,False,True,False,0.5973162463689687,6.853968595517132,37,0.7677030563354492,0.7604351043701172,1.366807415994117,True,False,True,False,0.9701341876815516,0.7604351043701172,0.5973162463689687,6.853968595517132,37,False,,,,,,,,,
benchmark_dualmp_nl_dense_clutter_eval_dense_clutter.json,466,s1,neural,cbf,ok,False,s1_neural,False,True,False,0.5865057913829016,6.833815665470748,37,0.7753710746765137,0.7681889533996582,1.3847483330027899,True,False,True,False,0.970674710430855,0.7681889533996582,0.5865057913829016,6.833815665470748,37,False,,,,,,,,,
benchmark_dualmp_nl_dense_clutter_eval_dense_clutter.json,467,s1,neural,cbf,ok,False,s1_neural,False,True,False,0.512212053265642,6.805687609284484,34,0.7891461849212646,0.7819199562072754,1.3820274589961627,True,False,True,False,0.9743893973367179,0.7819199562072754,0.512212053265642,6.805687609284484,34,False,,,,,,,,,
benchmark_dualmp_nl_dense_clutter_eval_dense_clutter.json,468,s1,neural,cbf,ok,False,s1_neural,False,True,False,0.58680899725582,6.925199458470752,38,0.7685041427612305,0.7613580226898193,1.3833409159997245,True,False,True,False,0.970659550137209,0.7613580226898193,0.58680899725582,6.925199458470752,38,False,,,,,,,,,
benchmark_dualmp_nl_dense_clutter_eval_dense_clutter.json,469,s1,neural,cbf,ok,False,s1_neural,False,True,False,0.5596448033548864,8.371241971996994,62,0.8211040496826172,0.8139090538024902,1.4205802920041606,True,False,True,False,0.9720177598322557,0.8139090538024902,0.5596448033548864,8.371241971996994,62,False,,,,,,,,,
benchmark_dualmp_nl_dense_clutter_eval_dense_clutter.json,470,s1,neural,cbf,ok,False,s1_neural,False,True,False,0.5438647037168141,7.221345644553009,44,0.7840349674224854,0.7768518924713135,1.4013038749981206,True,False,True,False,0.9728067648141593,0.7768518924713135,0.5438647037168141,7.221345644553009,44,False,,,,,,,,,
benchmark_dualmp_nl_dense_clutter_eval_dense_clutter.json,471,s1,neural,cbf,ok,False,s1_neural,False,True,False,4.066916535405154,3.0043068468729186,121,0.9472811222076416,0.939993143081665,1.5743140830018092,True,False,True,False,0.043308346459484615,0.939993143081665,4.066916535405154,3.0043068468729186,121,False,,,,,,,,,
benchmark_dualmp_nl_dense_clutter_eval_dense_clutter.json,472,s1,neural,cbf,ok,False,s1_neural,False,True,False,0.5921065825860465,6.909396325318328,38,0.756605863571167,0.7493700981140137,1.3840986249997513,True,False,True,False,0.9703946708706976,0.7493700981140137,0.5921065825860465,6.909396325318328,38,False,,,,,,,,,
benchmark_dualmp_nl_dense_clutter_eval_dense_clutter.json,473,s1,neural,cbf,ok,False,s1_neural,True,True,True,0.48211270328407485,7.006579309740094,26,0.7664139270782471,0.7591331005096436,1.3680969590059249,True,True,True,True,0.9758943648357963,0.7591331005096436,0.48211270328407485,7.006579309740094,26,False,,,,,,,,,
benchmark_dualmp_nl_dense_clutter_eval_dense_clutter.json,474,s1,neural,cbf,ok,False,s1_neural,True,True,True,0.45626447497179057,6.815442866601086,42,0.7796628475189209,0.772507905960083,1.3953765420010313,True,True,True,True,0.9771867762514105,0.772507905960083,0.45626447497179057,6.815442866601086,42,False,,,,,,,,,
benchmark_dualmp_nl_dense_clutter_eval_dense_clutter.json,475,s1,neural,cbf,ok,False,s1_neural,False,True,False,0.595832562635506,6.878178991794955,37,0.7639369964599609,0.7567758560180664,1.3856867080030497,True,False,True,False,0.9702083718682247,0.7567758560180664,0.595832562635506,6.878178991794955,37,False,,,,,,,,,
benchmark_dualmp_nl_dense_clutter_eval_dense_clutter.json,476,s1,neural,cbf,ok,False,s1_neural,False,True,False,0.5984039938239264,6.796016933576271,40,0.7856740951538086,0.7785122394561768,1.4161296660022344,True,False,True,False,0.9700798003088037,0.7785122394561768,0.5984039938239264,6.796016933576271,40,False,,,,,,,,,
benchmark_dualmp_nl_dense_clutter_eval_dense_clutter.json,477,s1,neural,cbf,ok,False,s1_neural,True,True,True,0.4852423215795711,6.968648012946301,41,0.7784130573272705,0.7712569236755371,1.3860424580052495,True,True,True,True,0.9757378839210215,0.7712569236755371,0.4852423215795711,6.968648012946301,41,False,,,,,,,,,
benchmark_dualmp_nl_dense_clutter_eval_dense_clutter.json,478,s1,neural,cbf,ok,False,s1_neural,False,True,False,0.5596186185184746,6.813662956647479,37,0.7770023345947266,0.7698259353637695,1.409582499996759,True,False,True,False,0.9720190690740763,0.7698259353637695,0.5596186185184746,6.813662956647479,37,False,,,,,,,,,
benchmark_dualmp_nl_dense_clutter_eval_dense_clutter.json,479,s1,neural,cbf,ok,False,s1_neural,False,True,False,0.5085855377680721,6.801725714830329,38,0.7742128372192383,0.7670838832855225,1.3900941669999156,True,False,True,False,0.9745707231115964,0.7670838832855225,0.5085855377680721,6.801725714830329,38,False,,,,,,,,,
benchmark_dualmp_nl_dense_clutter_eval_dense_clutter.json,480,s1,neural,cbf,ok,False,s1_neural,False,True,False,0.5922080454778056,9.717681637755195,69,0.843865156173706,0.8367059230804443,1.4659391660097754,True,False,True,False,0.9703895977261097,0.8367059230804443,0.5922080454778056,9.717681637755195,69,False,,,,,,,,,
benchmark_dualmp_nl_dense_clutter_eval_dense_clutter.json,481,s1,neural,cbf,ok,False,s1_neural,False,True,False,0.5064518113694145,6.922170623228931,33,0.7699580192565918,0.7627568244934082,1.368595624997397,True,False,True,False,0.9746774094315293,0.7627568244934082,0.5064518113694145,6.922170623228931,33,False,,,,,,,,,
benchmark_dualmp_nl_dense_clutter_eval_dense_clutter.json,482,s1,neural,cbf,ok,False,s1_neural,True,True,True,0.47424634735503385,6.879494682092474,38,0.7699761390686035,0.7627828121185303,1.3805318340018857,True,True,True,True,0.9762876826322483,0.7627828121185303,0.47424634735503385,6.879494682092474,38,False,,,,,,,,,
benchmark_dualmp_nl_dense_clutter_eval_dense_clutter.json,483,s1,neural,cbf,ok,False,s1_neural,False,True,False,0.5678928940453093,6.798367250984186,36,0.7656040191650391,0.7584798336029053,1.3927366659918334,True,False,True,False,0.9716053552977345,0.7584798336029053,0.5678928940453093,6.798367250984186,36,False,,,,,,,,,
benchmark_dualmp_nl_dense_clutter_eval_dense_clutter.json,484,s1,neural,cbf,ok,False,s1_neural,False,True,False,0.593770556039191,6.857930794709532,40,0.7832000255584717,0.7760429382324219,1.3707569160033017,True,False,True,False,0.9703114721980405,0.7760429382324219,0.593770556039191,6.857930794709532,40,False,,,,,,,,,
benchmark_dualmp_nl_dense_clutter_eval_dense_clutter.json,485,s1,neural,cbf,ok,False,s1_neural,False,True,False,0.5976615410465935,6.788168187977855,36,0.7620148658752441,0.7548699378967285,1.39127154200105,True,False,True,False,0.9701169229476703,0.7548699378967285,0.5976615410465935,6.788168187977855,36,False,,,,,,,,,
benchmark_dualmp_nl_dense_clutter_eval_dense_clutter.json,486,s1,neural,cbf,ok,False,s1_neural,False,True,False,0.5852307470889574,6.82180918918401,31,0.7763388156890869,0.7691528797149658,1.3852283750020433,True,False,True,False,0.9707384626455521,0.7691528797149658,0.5852307470889574,6.82180918918401,31,False,,,,,,,,,
benchmark_dualmp_nl_dense_clutter_eval_dense_clutter.json,487,s1,neural,cbf,ok,False,s1_neural,False,True,False,2.012548167502645,5.170720203733171,121,1.0258510112762451,1.0184979438781738,1.6593407089967513,True,False,True,False,0.24874518324973552,1.0184979438781738,2.012548167502645,5.170720203733171,121,False,,,,,,,,,
benchmark_dualmp_nl_dense_clutter_eval_dense_clutter.json,488,s1,neural,cbf,ok,False,s1_neural,False,True,False,0.5351140968516476,6.76328315968808,40,0.8001348972320557,0.7928409576416016,1.506695292002405,True,False,True,False,0.9732442951574176,0.7928409576416016,0.5351140968516476,6.76328315968808,40,False,,,,,,,,,
benchmark_dualmp_nl_dense_clutter_eval_dense_clutter.json,489,s1,neural,cbf,ok,False,s1_neural,False,True,False,3.3305077041259166,3.879429579276085,121,0.9266030788421631,0.9193089008331299,1.5514199159952113,True,False,True,False,0.11694922958740833,0.9193089008331299,3.3305077041259166,3.879429579276085,121,False,,,,,,,,,
benchmark_dualmp_nl_dense_clutter_eval_dense_clutter.json,490,s1,neural,cbf,ok,False,s1_neural,False,True,False,0.5072331755498561,6.968307840804532,39,0.7707929611206055,0.763498067855835,1.4036193329957314,True,False,True,False,0.9746383412225071,0.763498067855835,0.5072331755498561,6.968307840804532,39,False,,,,,,,,,
benchmark_dualmp_nl_dense_clutter_eval_dense_clutter.json,491,s1,neural,cbf,ok,False,s1_neural,False,True,False,4.911761277047067,2.2448668007465837,121,0.965965986251831,0.9586918354034424,1.6058840000041528,True,False,True,False,0.0,0.9586918354034424,4.911761277047067,2.2448668007465837,121,False,,,,,,,,,
benchmark_dualmp_nl_dense_clutter_eval_dense_clutter.json,492,s1,neural,cbf,ok,False,s1_neural,False,True,False,5.386349408873779,1.6874344793133607,121,0.9209122657775879,0.9136300086975098,1.5367538330028765,True,False,True,False,0.0,0.9136300086975098,5.386349408873779,1.6874344793133607,121,False,,,,,,,,,
benchmark_dualmp_nl_dense_clutter_eval_dense_clutter.json,493,s1,neural,cbf,ok,False,s1_neural,False,True,False,0.5030908482778342,7.03052135183246,46,0.8246030807495117,0.8175079822540283,1.4259089170082007,True,False,True,False,0.9748454575861083,0.8175079822540283,0.5030908482778342,7.03052135183246,46,False,,,,,,,,,
benchmark_dualmp_nl_dense_clutter_eval_dense_clutter.json,494,s1,neural,cbf,ok,False,s1_neural,False,True,False,0.5928512200053709,6.9649705976209955,39,0.7773430347442627,0.7700817584991455,1.4074157499999274,True,False,True,False,0.9703574389997315,0.7700817584991455,0.5928512200053709,6.9649705976209955,39,False,,,,,,,,,
benchmark_dualmp_nl_dense_clutter_eval_dense_clutter.json,495,s1,neural,cbf,ok,False,s1_neural,False,True,False,2.5235886942261345,5.158401929845754,121,0.923731803894043,0.9166197776794434,1.5231079999939539,True,False,True,False,0.19764113057738653,0.9166197776794434,2.5235886942261345,5.158401929845754,121,False,,,,,,,,,
benchmark_dualmp_nl_dense_clutter_eval_dense_clutter.json,496,s1,neural,cbf,ok,False,s1_neural,False,True,False,0.5991168598266905,6.913079385755951,41,0.7879579067230225,0.7808120250701904,1.3852729160134913,True,False,True,False,0.9700441570086655,0.7808120250701904,0.5991168598266905,6.913079385755951,41,False,,,,,,,,,
benchmark_dualmp_nl_dense_clutter_eval_dense_clutter.json,497,s1,neural,cbf,ok,False,s1_neural,False,True,False,0.5578874005051944,6.855943288607303,37,0.7594728469848633,0.7523367404937744,1.360551083998871,True,False,True,False,0.9721056299747403,0.7523367404937744,0.5578874005051944,6.855943288607303,37,False,,,,,,,,,
benchmark_dualmp_nl_dense_clutter_eval_dense_clutter.json,498,s1,neural,cbf,ok,False,s1_neural,True,True,True,0.47048366174737144,6.906253439161735,30,0.7643070220947266,0.7571618556976318,1.3693272499949671,True,True,True,True,0.9764758169126314,0.7571618556976318,0.47048366174737144,6.906253439161735,30,False,,,,,,,,,
benchmark_dualmp_nl_dense_clutter_eval_dense_clutter.json,499,s1,neural,cbf,ok,False,s1_neural,False,True,False,0.5488283348049895,6.8753015223675105,38,0.7630131244659424,0.7558591365814209,1.390382249999675,True,False,True,False,0.9725585832597505,0.7558591365814209,0.5488283348049895,6.8753015223675105,38,False,,,,,,,,,
